<?xml version="1.0" encoding="UTF-8"?>
<graphml xmlns="http://graphml.graphdrawing.org/xmlns"
         xmlns:xsi="http://www.w3.org/2001/XMLSchema-instance"
         xsi:schemaLocation="http://graphml.graphdrawing.org/xmlns http://graphml.graphdrawing.org/xmlns/1.0/graphml.xsd">

  <!-- property keys -->
  <key id="key0" for="node" attr.name="_pos" attr.type="vector_float" />
  <key id="key1" for="graph" attr.name="citation" attr.type="string" />
  <key id="key2" for="graph" attr.name="description" attr.type="string" />
  <key id="key3" for="edge" attr.name="layer" attr.type="short" />
  <key id="key4" for="graph" attr.name="layer_key" attr.type="python_object" />
  <key id="key5" for="node" attr.name="name" attr.type="string" />
  <key id="key6" for="graph" attr.name="name" attr.type="string" />
  <key id="key7" for="graph" attr.name="tags" attr.type="vector_string" />
  <key id="key8" for="graph" attr.name="url" attr.type="string" />
  <key id="key9" for="edge" attr.name="weight" attr.type="boolean" />

  <graph id="G" edgedefault="directed" parse.nodeids="canonical" parse.edgeids="canonical" parse.order="nodesfirst">

   <!-- graph properties -->
   <data key="key1">[&apos;M. Vickers and S. Chan, &quot;Representing Classroom Social Structure.&quot; Melbourne: Victoria Institute of Secondary Education, (1981)., https://scholar.google.com/scholar?hl=de&amp;as_sdt=0%2C5&amp;q=%22Representing+classroom+social+structure%22&amp;btnG=&apos;]</data>
   <data key="key2">A small multiplex network of friendships among 29 seventh grade students in Victoria, Australia. Students nominated classmates for three different activities (who do you get on with in the class, who are your best friends, and who would you prefer to work with). Edge direction for each of these three types of edges indicates if node i nominated node j, and the edge weight gives the frequency of this nomination. Students 1-12 are boys and 13-29 are girls. The KONECT version of this network is the collapse of de Domenico&apos;s multiplex version.[^icon]
[^icon]: Description obtained from the [ICON](https://icon.colorado.edu) project.</data>
   <data key="key4">gAN9cQAoSwFYCwAAAGdldF9vbl93aXRocQFLAlgMAAAAYmVzdF9mcmllbmRzcQJLA1gJAAAAd29ya193aXRocQN1Lg==</data>
   <data key="key6">7th_graders</data>
   <data key="key7">Social, Offline, Multilayer, Unweighted, Metadata</data>
   <data key="key8">https://manliodedomenico.com/data.php</data>

   <!-- vertices -->
    <node id="n0">
      <data key="key0">-1.2532843080471383, -5.1958283073078091</data>
    </node>
    <node id="n1">
      <data key="key0">-1.1717525724364264, -5.3993810751396838</data>
    </node>
    <node id="n2">
      <data key="key0">-1.0401744811985432, -5.4810606231458543</data>
    </node>
    <node id="n3">
      <data key="key0">-1.0729419606624262, -5.6141860460863402</data>
    </node>
    <node id="n4">
      <data key="key0">-1.3663825884294731, -5.4887688778346417</data>
    </node>
    <node id="n5">
      <data key="key0">-1.2604253769802582, -5.479732830319417</data>
    </node>
    <node id="n6">
      <data key="key0">-0.94831915511163167, -5.3656305413011394</data>
    </node>
    <node id="n7">
      <data key="key0">-1.3307743876770293, -5.4211611028035351</data>
    </node>
    <node id="n8">
      <data key="key0">-1.33161904036455, -5.5916784592866406</data>
    </node>
    <node id="n9">
      <data key="key0">-1.1788898317633141, -5.6207004313350337</data>
    </node>
    <node id="n10">
      <data key="key0">-1.2597988534257392, -5.3694217713129069</data>
    </node>
    <node id="n11">
      <data key="key0">-1.1609943520899599, -5.2659100313725737</data>
    </node>
    <node id="n12">
      <data key="key0">-1.4755150080124608, -5.5689868695311784</data>
    </node>
    <node id="n13">
      <data key="key0">-1.4493746231837787, -5.2760967803654255</data>
    </node>
    <node id="n14">
      <data key="key0">-1.475036727353354, -5.1952357907792219</data>
    </node>
    <node id="n15">
      <data key="key0">-1.3430514788181389, -5.3062428496567247</data>
    </node>
    <node id="n16">
      <data key="key0">-1.5770979685393882, -5.1913960026953552</data>
    </node>
    <node id="n17">
      <data key="key0">-1.3836082150522433, -5.7648780361064142</data>
    </node>
    <node id="n18">
      <data key="key0">-1.5623460483721892, -5.2817587382254754</data>
    </node>
    <node id="n19">
      <data key="key0">-1.5165597431669084, -5.3567368961618991</data>
    </node>
    <node id="n20">
      <data key="key0">-1.360986900415305, -5.2106605032047826</data>
    </node>
    <node id="n21">
      <data key="key0">-1.4339152037981939, -5.3621195171767395</data>
    </node>
    <node id="n22">
      <data key="key0">-1.4754716320361438, -5.4399073814747787</data>
    </node>
    <node id="n23">
      <data key="key0">-1.6011135337052624, -5.3950536516409215</data>
    </node>
    <node id="n24">
      <data key="key0">-1.5255649140517236, -5.7498509840235714</data>
    </node>
    <node id="n25">
      <data key="key0">-1.675745275862937, -5.4497157162915633</data>
    </node>
    <node id="n26">
      <data key="key0">-1.6824557706509959, -5.3104050300104202</data>
    </node>
    <node id="n27">
      <data key="key0">-1.5540914058104383, -5.4970522502291477</data>
    </node>
    <node id="n28">
      <data key="key0">-1.6109771247754854, -5.5769164167003478</data>
    </node>

   <!-- edges -->
    <edge id="e0" source="n0" target="n5">
      <data key="key3">1</data>
      <data key="key9">1</data>
    </edge>
    <edge id="e1" source="n0" target="n7">
      <data key="key3">1</data>
      <data key="key9">1</data>
    </edge>
    <edge id="e2" source="n0" target="n10">
      <data key="key3">1</data>
      <data key="key9">1</data>
    </edge>
    <edge id="e3" source="n0" target="n11">
      <data key="key3">1</data>
      <data key="key9">1</data>
    </edge>
    <edge id="e4" source="n0" target="n13">
      <data key="key3">1</data>
      <data key="key9">1</data>
    </edge>
    <edge id="e5" source="n0" target="n15">
      <data key="key3">1</data>
      <data key="key9">1</data>
    </edge>
    <edge id="e6" source="n0" target="n16">
      <data key="key3">1</data>
      <data key="key9">1</data>
    </edge>
    <edge id="e7" source="n0" target="n18">
      <data key="key3">1</data>
      <data key="key9">1</data>
    </edge>
    <edge id="e8" source="n0" target="n20">
      <data key="key3">1</data>
      <data key="key9">1</data>
    </edge>
    <edge id="e9" source="n0" target="n21">
      <data key="key3">1</data>
      <data key="key9">1</data>
    </edge>
    <edge id="e10" source="n0" target="n25">
      <data key="key3">1</data>
      <data key="key9">1</data>
    </edge>
    <edge id="e11" source="n0" target="n26">
      <data key="key3">1</data>
      <data key="key9">1</data>
    </edge>
    <edge id="e12" source="n0" target="n7">
      <data key="key3">2</data>
      <data key="key9">1</data>
    </edge>
    <edge id="e13" source="n0" target="n10">
      <data key="key3">2</data>
      <data key="key9">1</data>
    </edge>
    <edge id="e14" source="n0" target="n11">
      <data key="key3">2</data>
      <data key="key9">1</data>
    </edge>
    <edge id="e15" source="n0" target="n1">
      <data key="key3">3</data>
      <data key="key9">1</data>
    </edge>
    <edge id="e16" source="n0" target="n4">
      <data key="key3">3</data>
      <data key="key9">1</data>
    </edge>
    <edge id="e17" source="n0" target="n5">
      <data key="key3">3</data>
      <data key="key9">1</data>
    </edge>
    <edge id="e18" source="n0" target="n10">
      <data key="key3">3</data>
      <data key="key9">1</data>
    </edge>
    <edge id="e19" source="n0" target="n11">
      <data key="key3">3</data>
      <data key="key9">1</data>
    </edge>
    <edge id="e20" source="n0" target="n13">
      <data key="key3">3</data>
      <data key="key9">1</data>
    </edge>
    <edge id="e21" source="n0" target="n15">
      <data key="key3">3</data>
      <data key="key9">1</data>
    </edge>
    <edge id="e22" source="n1" target="n0">
      <data key="key3">1</data>
      <data key="key9">1</data>
    </edge>
    <edge id="e23" source="n1" target="n2">
      <data key="key3">1</data>
      <data key="key9">1</data>
    </edge>
    <edge id="e24" source="n1" target="n3">
      <data key="key3">1</data>
      <data key="key9">1</data>
    </edge>
    <edge id="e25" source="n1" target="n4">
      <data key="key3">1</data>
      <data key="key9">1</data>
    </edge>
    <edge id="e26" source="n1" target="n5">
      <data key="key3">1</data>
      <data key="key9">1</data>
    </edge>
    <edge id="e27" source="n1" target="n6">
      <data key="key3">1</data>
      <data key="key9">1</data>
    </edge>
    <edge id="e28" source="n1" target="n7">
      <data key="key3">1</data>
      <data key="key9">1</data>
    </edge>
    <edge id="e29" source="n1" target="n9">
      <data key="key3">1</data>
      <data key="key9">1</data>
    </edge>
    <edge id="e30" source="n1" target="n10">
      <data key="key3">1</data>
      <data key="key9">1</data>
    </edge>
    <edge id="e31" source="n1" target="n13">
      <data key="key3">1</data>
      <data key="key9">1</data>
    </edge>
    <edge id="e32" source="n1" target="n14">
      <data key="key3">1</data>
      <data key="key9">1</data>
    </edge>
    <edge id="e33" source="n1" target="n15">
      <data key="key3">1</data>
      <data key="key9">1</data>
    </edge>
    <edge id="e34" source="n1" target="n18">
      <data key="key3">1</data>
      <data key="key9">1</data>
    </edge>
    <edge id="e35" source="n1" target="n19">
      <data key="key3">1</data>
      <data key="key9">1</data>
    </edge>
    <edge id="e36" source="n1" target="n20">
      <data key="key3">1</data>
      <data key="key9">1</data>
    </edge>
    <edge id="e37" source="n1" target="n4">
      <data key="key3">2</data>
      <data key="key9">1</data>
    </edge>
    <edge id="e38" source="n1" target="n5">
      <data key="key3">2</data>
      <data key="key9">1</data>
    </edge>
    <edge id="e39" source="n1" target="n7">
      <data key="key3">2</data>
      <data key="key9">1</data>
    </edge>
    <edge id="e40" source="n1" target="n9">
      <data key="key3">2</data>
      <data key="key9">1</data>
    </edge>
    <edge id="e41" source="n1" target="n10">
      <data key="key3">2</data>
      <data key="key9">1</data>
    </edge>
    <edge id="e42" source="n1" target="n14">
      <data key="key3">2</data>
      <data key="key9">1</data>
    </edge>
    <edge id="e43" source="n1" target="n15">
      <data key="key3">2</data>
      <data key="key9">1</data>
    </edge>
    <edge id="e44" source="n1" target="n20">
      <data key="key3">2</data>
      <data key="key9">1</data>
    </edge>
    <edge id="e45" source="n1" target="n4">
      <data key="key3">3</data>
      <data key="key9">1</data>
    </edge>
    <edge id="e46" source="n1" target="n5">
      <data key="key3">3</data>
      <data key="key9">1</data>
    </edge>
    <edge id="e47" source="n1" target="n7">
      <data key="key3">3</data>
      <data key="key9">1</data>
    </edge>
    <edge id="e48" source="n1" target="n9">
      <data key="key3">3</data>
      <data key="key9">1</data>
    </edge>
    <edge id="e49" source="n1" target="n14">
      <data key="key3">3</data>
      <data key="key9">1</data>
    </edge>
    <edge id="e50" source="n1" target="n15">
      <data key="key3">3</data>
      <data key="key9">1</data>
    </edge>
    <edge id="e51" source="n1" target="n20">
      <data key="key3">3</data>
      <data key="key9">1</data>
    </edge>
    <edge id="e52" source="n2" target="n3">
      <data key="key3">1</data>
      <data key="key9">1</data>
    </edge>
    <edge id="e53" source="n2" target="n6">
      <data key="key3">1</data>
      <data key="key9">1</data>
    </edge>
    <edge id="e54" source="n2" target="n7">
      <data key="key3">1</data>
      <data key="key9">1</data>
    </edge>
    <edge id="e55" source="n2" target="n8">
      <data key="key3">1</data>
      <data key="key9">1</data>
    </edge>
    <edge id="e56" source="n2" target="n10">
      <data key="key3">1</data>
      <data key="key9">1</data>
    </edge>
    <edge id="e57" source="n2" target="n3">
      <data key="key3">2</data>
      <data key="key9">1</data>
    </edge>
    <edge id="e58" source="n2" target="n6">
      <data key="key3">2</data>
      <data key="key9">1</data>
    </edge>
    <edge id="e59" source="n2" target="n7">
      <data key="key3">2</data>
      <data key="key9">1</data>
    </edge>
    <edge id="e60" source="n2" target="n10">
      <data key="key3">2</data>
      <data key="key9">1</data>
    </edge>
    <edge id="e61" source="n2" target="n3">
      <data key="key3">3</data>
      <data key="key9">1</data>
    </edge>
    <edge id="e62" source="n2" target="n6">
      <data key="key3">3</data>
      <data key="key9">1</data>
    </edge>
    <edge id="e63" source="n2" target="n10">
      <data key="key3">3</data>
      <data key="key9">1</data>
    </edge>
    <edge id="e64" source="n3" target="n1">
      <data key="key3">1</data>
      <data key="key9">1</data>
    </edge>
    <edge id="e65" source="n3" target="n2">
      <data key="key3">1</data>
      <data key="key9">1</data>
    </edge>
    <edge id="e66" source="n3" target="n4">
      <data key="key3">1</data>
      <data key="key9">1</data>
    </edge>
    <edge id="e67" source="n3" target="n5">
      <data key="key3">1</data>
      <data key="key9">1</data>
    </edge>
    <edge id="e68" source="n3" target="n6">
      <data key="key3">1</data>
      <data key="key9">1</data>
    </edge>
    <edge id="e69" source="n3" target="n9">
      <data key="key3">1</data>
      <data key="key9">1</data>
    </edge>
    <edge id="e70" source="n3" target="n2">
      <data key="key3">2</data>
      <data key="key9">1</data>
    </edge>
    <edge id="e71" source="n3" target="n9">
      <data key="key3">2</data>
      <data key="key9">1</data>
    </edge>
    <edge id="e72" source="n3" target="n2">
      <data key="key3">3</data>
      <data key="key9">1</data>
    </edge>
    <edge id="e73" source="n4" target="n0">
      <data key="key3">1</data>
      <data key="key9">1</data>
    </edge>
    <edge id="e74" source="n4" target="n1">
      <data key="key3">1</data>
      <data key="key9">1</data>
    </edge>
    <edge id="e75" source="n4" target="n5">
      <data key="key3">1</data>
      <data key="key9">1</data>
    </edge>
    <edge id="e76" source="n4" target="n7">
      <data key="key3">1</data>
      <data key="key9">1</data>
    </edge>
    <edge id="e77" source="n4" target="n9">
      <data key="key3">1</data>
      <data key="key9">1</data>
    </edge>
    <edge id="e78" source="n4" target="n10">
      <data key="key3">1</data>
      <data key="key9">1</data>
    </edge>
    <edge id="e79" source="n4" target="n13">
      <data key="key3">1</data>
      <data key="key9">1</data>
    </edge>
    <edge id="e80" source="n4" target="n14">
      <data key="key3">1</data>
      <data key="key9">1</data>
    </edge>
    <edge id="e81" source="n4" target="n15">
      <data key="key3">1</data>
      <data key="key9">1</data>
    </edge>
    <edge id="e82" source="n4" target="n18">
      <data key="key3">1</data>
      <data key="key9">1</data>
    </edge>
    <edge id="e83" source="n4" target="n19">
      <data key="key3">1</data>
      <data key="key9">1</data>
    </edge>
    <edge id="e84" source="n4" target="n20">
      <data key="key3">1</data>
      <data key="key9">1</data>
    </edge>
    <edge id="e85" source="n4" target="n21">
      <data key="key3">1</data>
      <data key="key9">1</data>
    </edge>
    <edge id="e86" source="n4" target="n22">
      <data key="key3">1</data>
      <data key="key9">1</data>
    </edge>
    <edge id="e87" source="n4" target="n26">
      <data key="key3">1</data>
      <data key="key9">1</data>
    </edge>
    <edge id="e88" source="n4" target="n27">
      <data key="key3">1</data>
      <data key="key9">1</data>
    </edge>
    <edge id="e89" source="n4" target="n28">
      <data key="key3">1</data>
      <data key="key9">1</data>
    </edge>
    <edge id="e90" source="n4" target="n1">
      <data key="key3">2</data>
      <data key="key9">1</data>
    </edge>
    <edge id="e91" source="n4" target="n5">
      <data key="key3">2</data>
      <data key="key9">1</data>
    </edge>
    <edge id="e92" source="n4" target="n7">
      <data key="key3">2</data>
      <data key="key9">1</data>
    </edge>
    <edge id="e93" source="n4" target="n9">
      <data key="key3">2</data>
      <data key="key9">1</data>
    </edge>
    <edge id="e94" source="n4" target="n10">
      <data key="key3">2</data>
      <data key="key9">1</data>
    </edge>
    <edge id="e95" source="n4" target="n14">
      <data key="key3">2</data>
      <data key="key9">1</data>
    </edge>
    <edge id="e96" source="n4" target="n15">
      <data key="key3">2</data>
      <data key="key9">1</data>
    </edge>
    <edge id="e97" source="n4" target="n18">
      <data key="key3">2</data>
      <data key="key9">1</data>
    </edge>
    <edge id="e98" source="n4" target="n20">
      <data key="key3">2</data>
      <data key="key9">1</data>
    </edge>
    <edge id="e99" source="n4" target="n27">
      <data key="key3">2</data>
      <data key="key9">1</data>
    </edge>
    <edge id="e100" source="n4" target="n1">
      <data key="key3">3</data>
      <data key="key9">1</data>
    </edge>
    <edge id="e101" source="n4" target="n5">
      <data key="key3">3</data>
      <data key="key9">1</data>
    </edge>
    <edge id="e102" source="n4" target="n7">
      <data key="key3">3</data>
      <data key="key9">1</data>
    </edge>
    <edge id="e103" source="n4" target="n10">
      <data key="key3">3</data>
      <data key="key9">1</data>
    </edge>
    <edge id="e104" source="n4" target="n14">
      <data key="key3">3</data>
      <data key="key9">1</data>
    </edge>
    <edge id="e105" source="n4" target="n15">
      <data key="key3">3</data>
      <data key="key9">1</data>
    </edge>
    <edge id="e106" source="n4" target="n18">
      <data key="key3">3</data>
      <data key="key9">1</data>
    </edge>
    <edge id="e107" source="n4" target="n20">
      <data key="key3">3</data>
      <data key="key9">1</data>
    </edge>
    <edge id="e108" source="n5" target="n0">
      <data key="key3">1</data>
      <data key="key9">1</data>
    </edge>
    <edge id="e109" source="n5" target="n1">
      <data key="key3">1</data>
      <data key="key9">1</data>
    </edge>
    <edge id="e110" source="n5" target="n2">
      <data key="key3">1</data>
      <data key="key9">1</data>
    </edge>
    <edge id="e111" source="n5" target="n3">
      <data key="key3">1</data>
      <data key="key9">1</data>
    </edge>
    <edge id="e112" source="n5" target="n4">
      <data key="key3">1</data>
      <data key="key9">1</data>
    </edge>
    <edge id="e113" source="n5" target="n6">
      <data key="key3">1</data>
      <data key="key9">1</data>
    </edge>
    <edge id="e114" source="n5" target="n7">
      <data key="key3">1</data>
      <data key="key9">1</data>
    </edge>
    <edge id="e115" source="n5" target="n9">
      <data key="key3">1</data>
      <data key="key9">1</data>
    </edge>
    <edge id="e116" source="n5" target="n10">
      <data key="key3">1</data>
      <data key="key9">1</data>
    </edge>
    <edge id="e117" source="n5" target="n11">
      <data key="key3">1</data>
      <data key="key9">1</data>
    </edge>
    <edge id="e118" source="n5" target="n19">
      <data key="key3">1</data>
      <data key="key9">1</data>
    </edge>
    <edge id="e119" source="n5" target="n20">
      <data key="key3">1</data>
      <data key="key9">1</data>
    </edge>
    <edge id="e120" source="n5" target="n21">
      <data key="key3">1</data>
      <data key="key9">1</data>
    </edge>
    <edge id="e121" source="n5" target="n22">
      <data key="key3">1</data>
      <data key="key9">1</data>
    </edge>
    <edge id="e122" source="n5" target="n23">
      <data key="key3">1</data>
      <data key="key9">1</data>
    </edge>
    <edge id="e123" source="n5" target="n25">
      <data key="key3">1</data>
      <data key="key9">1</data>
    </edge>
    <edge id="e124" source="n5" target="n26">
      <data key="key3">1</data>
      <data key="key9">1</data>
    </edge>
    <edge id="e125" source="n5" target="n28">
      <data key="key3">1</data>
      <data key="key9">1</data>
    </edge>
    <edge id="e126" source="n5" target="n0">
      <data key="key3">2</data>
      <data key="key9">1</data>
    </edge>
    <edge id="e127" source="n5" target="n1">
      <data key="key3">2</data>
      <data key="key9">1</data>
    </edge>
    <edge id="e128" source="n5" target="n2">
      <data key="key3">2</data>
      <data key="key9">1</data>
    </edge>
    <edge id="e129" source="n5" target="n3">
      <data key="key3">2</data>
      <data key="key9">1</data>
    </edge>
    <edge id="e130" source="n5" target="n4">
      <data key="key3">2</data>
      <data key="key9">1</data>
    </edge>
    <edge id="e131" source="n5" target="n7">
      <data key="key3">2</data>
      <data key="key9">1</data>
    </edge>
    <edge id="e132" source="n5" target="n9">
      <data key="key3">2</data>
      <data key="key9">1</data>
    </edge>
    <edge id="e133" source="n5" target="n10">
      <data key="key3">2</data>
      <data key="key9">1</data>
    </edge>
    <edge id="e134" source="n5" target="n11">
      <data key="key3">2</data>
      <data key="key9">1</data>
    </edge>
    <edge id="e135" source="n5" target="n0">
      <data key="key3">3</data>
      <data key="key9">1</data>
    </edge>
    <edge id="e136" source="n5" target="n1">
      <data key="key3">3</data>
      <data key="key9">1</data>
    </edge>
    <edge id="e137" source="n5" target="n2">
      <data key="key3">3</data>
      <data key="key9">1</data>
    </edge>
    <edge id="e138" source="n5" target="n3">
      <data key="key3">3</data>
      <data key="key9">1</data>
    </edge>
    <edge id="e139" source="n5" target="n4">
      <data key="key3">3</data>
      <data key="key9">1</data>
    </edge>
    <edge id="e140" source="n5" target="n7">
      <data key="key3">3</data>
      <data key="key9">1</data>
    </edge>
    <edge id="e141" source="n5" target="n10">
      <data key="key3">3</data>
      <data key="key9">1</data>
    </edge>
    <edge id="e142" source="n5" target="n13">
      <data key="key3">3</data>
      <data key="key9">1</data>
    </edge>
    <edge id="e143" source="n5" target="n14">
      <data key="key3">3</data>
      <data key="key9">1</data>
    </edge>
    <edge id="e144" source="n5" target="n15">
      <data key="key3">3</data>
      <data key="key9">1</data>
    </edge>
    <edge id="e145" source="n5" target="n16">
      <data key="key3">3</data>
      <data key="key9">1</data>
    </edge>
    <edge id="e146" source="n5" target="n18">
      <data key="key3">3</data>
      <data key="key9">1</data>
    </edge>
    <edge id="e147" source="n5" target="n19">
      <data key="key3">3</data>
      <data key="key9">1</data>
    </edge>
    <edge id="e148" source="n5" target="n20">
      <data key="key3">3</data>
      <data key="key9">1</data>
    </edge>
    <edge id="e149" source="n5" target="n21">
      <data key="key3">3</data>
      <data key="key9">1</data>
    </edge>
    <edge id="e150" source="n5" target="n22">
      <data key="key3">3</data>
      <data key="key9">1</data>
    </edge>
    <edge id="e151" source="n5" target="n23">
      <data key="key3">3</data>
      <data key="key9">1</data>
    </edge>
    <edge id="e152" source="n5" target="n25">
      <data key="key3">3</data>
      <data key="key9">1</data>
    </edge>
    <edge id="e153" source="n5" target="n26">
      <data key="key3">3</data>
      <data key="key9">1</data>
    </edge>
    <edge id="e154" source="n5" target="n28">
      <data key="key3">3</data>
      <data key="key9">1</data>
    </edge>
    <edge id="e155" source="n6" target="n2">
      <data key="key3">1</data>
      <data key="key9">1</data>
    </edge>
    <edge id="e156" source="n6" target="n2">
      <data key="key3">2</data>
      <data key="key9">1</data>
    </edge>
    <edge id="e157" source="n6" target="n2">
      <data key="key3">3</data>
      <data key="key9">1</data>
    </edge>
    <edge id="e158" source="n7" target="n0">
      <data key="key3">1</data>
      <data key="key9">1</data>
    </edge>
    <edge id="e159" source="n7" target="n1">
      <data key="key3">1</data>
      <data key="key9">1</data>
    </edge>
    <edge id="e160" source="n7" target="n2">
      <data key="key3">1</data>
      <data key="key9">1</data>
    </edge>
    <edge id="e161" source="n7" target="n3">
      <data key="key3">1</data>
      <data key="key9">1</data>
    </edge>
    <edge id="e162" source="n7" target="n4">
      <data key="key3">1</data>
      <data key="key9">1</data>
    </edge>
    <edge id="e163" source="n7" target="n5">
      <data key="key3">1</data>
      <data key="key9">1</data>
    </edge>
    <edge id="e164" source="n7" target="n6">
      <data key="key3">1</data>
      <data key="key9">1</data>
    </edge>
    <edge id="e165" source="n7" target="n9">
      <data key="key3">1</data>
      <data key="key9">1</data>
    </edge>
    <edge id="e166" source="n7" target="n10">
      <data key="key3">1</data>
      <data key="key9">1</data>
    </edge>
    <edge id="e167" source="n7" target="n11">
      <data key="key3">1</data>
      <data key="key9">1</data>
    </edge>
    <edge id="e168" source="n7" target="n12">
      <data key="key3">1</data>
      <data key="key9">1</data>
    </edge>
    <edge id="e169" source="n7" target="n13">
      <data key="key3">1</data>
      <data key="key9">1</data>
    </edge>
    <edge id="e170" source="n7" target="n14">
      <data key="key3">1</data>
      <data key="key9">1</data>
    </edge>
    <edge id="e171" source="n7" target="n15">
      <data key="key3">1</data>
      <data key="key9">1</data>
    </edge>
    <edge id="e172" source="n7" target="n16">
      <data key="key3">1</data>
      <data key="key9">1</data>
    </edge>
    <edge id="e173" source="n7" target="n17">
      <data key="key3">1</data>
      <data key="key9">1</data>
    </edge>
    <edge id="e174" source="n7" target="n18">
      <data key="key3">1</data>
      <data key="key9">1</data>
    </edge>
    <edge id="e175" source="n7" target="n19">
      <data key="key3">1</data>
      <data key="key9">1</data>
    </edge>
    <edge id="e176" source="n7" target="n20">
      <data key="key3">1</data>
      <data key="key9">1</data>
    </edge>
    <edge id="e177" source="n7" target="n21">
      <data key="key3">1</data>
      <data key="key9">1</data>
    </edge>
    <edge id="e178" source="n7" target="n22">
      <data key="key3">1</data>
      <data key="key9">1</data>
    </edge>
    <edge id="e179" source="n7" target="n23">
      <data key="key3">1</data>
      <data key="key9">1</data>
    </edge>
    <edge id="e180" source="n7" target="n24">
      <data key="key3">1</data>
      <data key="key9">1</data>
    </edge>
    <edge id="e181" source="n7" target="n25">
      <data key="key3">1</data>
      <data key="key9">1</data>
    </edge>
    <edge id="e182" source="n7" target="n26">
      <data key="key3">1</data>
      <data key="key9">1</data>
    </edge>
    <edge id="e183" source="n7" target="n27">
      <data key="key3">1</data>
      <data key="key9">1</data>
    </edge>
    <edge id="e184" source="n7" target="n28">
      <data key="key3">1</data>
      <data key="key9">1</data>
    </edge>
    <edge id="e185" source="n7" target="n0">
      <data key="key3">2</data>
      <data key="key9">1</data>
    </edge>
    <edge id="e186" source="n7" target="n1">
      <data key="key3">2</data>
      <data key="key9">1</data>
    </edge>
    <edge id="e187" source="n7" target="n2">
      <data key="key3">2</data>
      <data key="key9">1</data>
    </edge>
    <edge id="e188" source="n7" target="n3">
      <data key="key3">2</data>
      <data key="key9">1</data>
    </edge>
    <edge id="e189" source="n7" target="n4">
      <data key="key3">2</data>
      <data key="key9">1</data>
    </edge>
    <edge id="e190" source="n7" target="n5">
      <data key="key3">2</data>
      <data key="key9">1</data>
    </edge>
    <edge id="e191" source="n7" target="n6">
      <data key="key3">2</data>
      <data key="key9">1</data>
    </edge>
    <edge id="e192" source="n7" target="n9">
      <data key="key3">2</data>
      <data key="key9">1</data>
    </edge>
    <edge id="e193" source="n7" target="n10">
      <data key="key3">2</data>
      <data key="key9">1</data>
    </edge>
    <edge id="e194" source="n7" target="n11">
      <data key="key3">2</data>
      <data key="key9">1</data>
    </edge>
    <edge id="e195" source="n7" target="n12">
      <data key="key3">2</data>
      <data key="key9">1</data>
    </edge>
    <edge id="e196" source="n7" target="n13">
      <data key="key3">2</data>
      <data key="key9">1</data>
    </edge>
    <edge id="e197" source="n7" target="n14">
      <data key="key3">2</data>
      <data key="key9">1</data>
    </edge>
    <edge id="e198" source="n7" target="n15">
      <data key="key3">2</data>
      <data key="key9">1</data>
    </edge>
    <edge id="e199" source="n7" target="n16">
      <data key="key3">2</data>
      <data key="key9">1</data>
    </edge>
    <edge id="e200" source="n7" target="n19">
      <data key="key3">2</data>
      <data key="key9">1</data>
    </edge>
    <edge id="e201" source="n7" target="n20">
      <data key="key3">2</data>
      <data key="key9">1</data>
    </edge>
    <edge id="e202" source="n7" target="n21">
      <data key="key3">2</data>
      <data key="key9">1</data>
    </edge>
    <edge id="e203" source="n7" target="n23">
      <data key="key3">2</data>
      <data key="key9">1</data>
    </edge>
    <edge id="e204" source="n7" target="n26">
      <data key="key3">2</data>
      <data key="key9">1</data>
    </edge>
    <edge id="e205" source="n7" target="n27">
      <data key="key3">2</data>
      <data key="key9">1</data>
    </edge>
    <edge id="e206" source="n7" target="n28">
      <data key="key3">2</data>
      <data key="key9">1</data>
    </edge>
    <edge id="e207" source="n7" target="n0">
      <data key="key3">3</data>
      <data key="key9">1</data>
    </edge>
    <edge id="e208" source="n7" target="n1">
      <data key="key3">3</data>
      <data key="key9">1</data>
    </edge>
    <edge id="e209" source="n7" target="n2">
      <data key="key3">3</data>
      <data key="key9">1</data>
    </edge>
    <edge id="e210" source="n7" target="n3">
      <data key="key3">3</data>
      <data key="key9">1</data>
    </edge>
    <edge id="e211" source="n7" target="n4">
      <data key="key3">3</data>
      <data key="key9">1</data>
    </edge>
    <edge id="e212" source="n7" target="n5">
      <data key="key3">3</data>
      <data key="key9">1</data>
    </edge>
    <edge id="e213" source="n7" target="n6">
      <data key="key3">3</data>
      <data key="key9">1</data>
    </edge>
    <edge id="e214" source="n7" target="n9">
      <data key="key3">3</data>
      <data key="key9">1</data>
    </edge>
    <edge id="e215" source="n7" target="n10">
      <data key="key3">3</data>
      <data key="key9">1</data>
    </edge>
    <edge id="e216" source="n7" target="n11">
      <data key="key3">3</data>
      <data key="key9">1</data>
    </edge>
    <edge id="e217" source="n7" target="n13">
      <data key="key3">3</data>
      <data key="key9">1</data>
    </edge>
    <edge id="e218" source="n7" target="n15">
      <data key="key3">3</data>
      <data key="key9">1</data>
    </edge>
    <edge id="e219" source="n7" target="n16">
      <data key="key3">3</data>
      <data key="key9">1</data>
    </edge>
    <edge id="e220" source="n7" target="n18">
      <data key="key3">3</data>
      <data key="key9">1</data>
    </edge>
    <edge id="e221" source="n7" target="n19">
      <data key="key3">3</data>
      <data key="key9">1</data>
    </edge>
    <edge id="e222" source="n7" target="n20">
      <data key="key3">3</data>
      <data key="key9">1</data>
    </edge>
    <edge id="e223" source="n7" target="n21">
      <data key="key3">3</data>
      <data key="key9">1</data>
    </edge>
    <edge id="e224" source="n7" target="n22">
      <data key="key3">3</data>
      <data key="key9">1</data>
    </edge>
    <edge id="e225" source="n7" target="n23">
      <data key="key3">3</data>
      <data key="key9">1</data>
    </edge>
    <edge id="e226" source="n8" target="n0">
      <data key="key3">1</data>
      <data key="key9">1</data>
    </edge>
    <edge id="e227" source="n8" target="n1">
      <data key="key3">1</data>
      <data key="key9">1</data>
    </edge>
    <edge id="e228" source="n8" target="n2">
      <data key="key3">1</data>
      <data key="key9">1</data>
    </edge>
    <edge id="e229" source="n8" target="n3">
      <data key="key3">1</data>
      <data key="key9">1</data>
    </edge>
    <edge id="e230" source="n8" target="n6">
      <data key="key3">1</data>
      <data key="key9">1</data>
    </edge>
    <edge id="e231" source="n8" target="n7">
      <data key="key3">1</data>
      <data key="key9">1</data>
    </edge>
    <edge id="e232" source="n8" target="n10">
      <data key="key3">1</data>
      <data key="key9">1</data>
    </edge>
    <edge id="e233" source="n8" target="n11">
      <data key="key3">1</data>
      <data key="key9">1</data>
    </edge>
    <edge id="e234" source="n8" target="n13">
      <data key="key3">1</data>
      <data key="key9">1</data>
    </edge>
    <edge id="e235" source="n8" target="n15">
      <data key="key3">1</data>
      <data key="key9">1</data>
    </edge>
    <edge id="e236" source="n8" target="n16">
      <data key="key3">1</data>
      <data key="key9">1</data>
    </edge>
    <edge id="e237" source="n8" target="n17">
      <data key="key3">1</data>
      <data key="key9">1</data>
    </edge>
    <edge id="e238" source="n8" target="n18">
      <data key="key3">1</data>
      <data key="key9">1</data>
    </edge>
    <edge id="e239" source="n8" target="n22">
      <data key="key3">1</data>
      <data key="key9">1</data>
    </edge>
    <edge id="e240" source="n8" target="n23">
      <data key="key3">1</data>
      <data key="key9">1</data>
    </edge>
    <edge id="e241" source="n8" target="n24">
      <data key="key3">1</data>
      <data key="key9">1</data>
    </edge>
    <edge id="e242" source="n8" target="n25">
      <data key="key3">1</data>
      <data key="key9">1</data>
    </edge>
    <edge id="e243" source="n8" target="n27">
      <data key="key3">1</data>
      <data key="key9">1</data>
    </edge>
    <edge id="e244" source="n8" target="n28">
      <data key="key3">1</data>
      <data key="key9">1</data>
    </edge>
    <edge id="e245" source="n8" target="n0">
      <data key="key3">2</data>
      <data key="key9">1</data>
    </edge>
    <edge id="e246" source="n8" target="n1">
      <data key="key3">2</data>
      <data key="key9">1</data>
    </edge>
    <edge id="e247" source="n8" target="n7">
      <data key="key3">2</data>
      <data key="key9">1</data>
    </edge>
    <edge id="e248" source="n8" target="n10">
      <data key="key3">2</data>
      <data key="key9">1</data>
    </edge>
    <edge id="e249" source="n8" target="n25">
      <data key="key3">2</data>
      <data key="key9">1</data>
    </edge>
    <edge id="e250" source="n8" target="n2">
      <data key="key3">3</data>
      <data key="key9">1</data>
    </edge>
    <edge id="e251" source="n8" target="n7">
      <data key="key3">3</data>
      <data key="key9">1</data>
    </edge>
    <edge id="e252" source="n8" target="n10">
      <data key="key3">3</data>
      <data key="key9">1</data>
    </edge>
    <edge id="e253" source="n8" target="n15">
      <data key="key3">3</data>
      <data key="key9">1</data>
    </edge>
    <edge id="e254" source="n8" target="n22">
      <data key="key3">3</data>
      <data key="key9">1</data>
    </edge>
    <edge id="e255" source="n8" target="n25">
      <data key="key3">3</data>
      <data key="key9">1</data>
    </edge>
    <edge id="e256" source="n9" target="n1">
      <data key="key3">1</data>
      <data key="key9">1</data>
    </edge>
    <edge id="e257" source="n9" target="n4">
      <data key="key3">1</data>
      <data key="key9">1</data>
    </edge>
    <edge id="e258" source="n9" target="n8">
      <data key="key3">1</data>
      <data key="key9">1</data>
    </edge>
    <edge id="e259" source="n9" target="n11">
      <data key="key3">1</data>
      <data key="key9">1</data>
    </edge>
    <edge id="e260" source="n9" target="n1">
      <data key="key3">2</data>
      <data key="key9">1</data>
    </edge>
    <edge id="e261" source="n9" target="n4">
      <data key="key3">2</data>
      <data key="key9">1</data>
    </edge>
    <edge id="e262" source="n9" target="n1">
      <data key="key3">3</data>
      <data key="key9">1</data>
    </edge>
    <edge id="e263" source="n9" target="n4">
      <data key="key3">3</data>
      <data key="key9">1</data>
    </edge>
    <edge id="e264" source="n9" target="n7">
      <data key="key3">3</data>
      <data key="key9">1</data>
    </edge>
    <edge id="e265" source="n9" target="n10">
      <data key="key3">3</data>
      <data key="key9">1</data>
    </edge>
    <edge id="e266" source="n10" target="n0">
      <data key="key3">1</data>
      <data key="key9">1</data>
    </edge>
    <edge id="e267" source="n10" target="n1">
      <data key="key3">1</data>
      <data key="key9">1</data>
    </edge>
    <edge id="e268" source="n10" target="n2">
      <data key="key3">1</data>
      <data key="key9">1</data>
    </edge>
    <edge id="e269" source="n10" target="n3">
      <data key="key3">1</data>
      <data key="key9">1</data>
    </edge>
    <edge id="e270" source="n10" target="n4">
      <data key="key3">1</data>
      <data key="key9">1</data>
    </edge>
    <edge id="e271" source="n10" target="n5">
      <data key="key3">1</data>
      <data key="key9">1</data>
    </edge>
    <edge id="e272" source="n10" target="n6">
      <data key="key3">1</data>
      <data key="key9">1</data>
    </edge>
    <edge id="e273" source="n10" target="n7">
      <data key="key3">1</data>
      <data key="key9">1</data>
    </edge>
    <edge id="e274" source="n10" target="n9">
      <data key="key3">1</data>
      <data key="key9">1</data>
    </edge>
    <edge id="e275" source="n10" target="n11">
      <data key="key3">1</data>
      <data key="key9">1</data>
    </edge>
    <edge id="e276" source="n10" target="n12">
      <data key="key3">1</data>
      <data key="key9">1</data>
    </edge>
    <edge id="e277" source="n10" target="n13">
      <data key="key3">1</data>
      <data key="key9">1</data>
    </edge>
    <edge id="e278" source="n10" target="n14">
      <data key="key3">1</data>
      <data key="key9">1</data>
    </edge>
    <edge id="e279" source="n10" target="n15">
      <data key="key3">1</data>
      <data key="key9">1</data>
    </edge>
    <edge id="e280" source="n10" target="n16">
      <data key="key3">1</data>
      <data key="key9">1</data>
    </edge>
    <edge id="e281" source="n10" target="n17">
      <data key="key3">1</data>
      <data key="key9">1</data>
    </edge>
    <edge id="e282" source="n10" target="n18">
      <data key="key3">1</data>
      <data key="key9">1</data>
    </edge>
    <edge id="e283" source="n10" target="n19">
      <data key="key3">1</data>
      <data key="key9">1</data>
    </edge>
    <edge id="e284" source="n10" target="n20">
      <data key="key3">1</data>
      <data key="key9">1</data>
    </edge>
    <edge id="e285" source="n10" target="n21">
      <data key="key3">1</data>
      <data key="key9">1</data>
    </edge>
    <edge id="e286" source="n10" target="n22">
      <data key="key3">1</data>
      <data key="key9">1</data>
    </edge>
    <edge id="e287" source="n10" target="n23">
      <data key="key3">1</data>
      <data key="key9">1</data>
    </edge>
    <edge id="e288" source="n10" target="n24">
      <data key="key3">1</data>
      <data key="key9">1</data>
    </edge>
    <edge id="e289" source="n10" target="n25">
      <data key="key3">1</data>
      <data key="key9">1</data>
    </edge>
    <edge id="e290" source="n10" target="n26">
      <data key="key3">1</data>
      <data key="key9">1</data>
    </edge>
    <edge id="e291" source="n10" target="n27">
      <data key="key3">1</data>
      <data key="key9">1</data>
    </edge>
    <edge id="e292" source="n10" target="n28">
      <data key="key3">1</data>
      <data key="key9">1</data>
    </edge>
    <edge id="e293" source="n10" target="n0">
      <data key="key3">2</data>
      <data key="key9">1</data>
    </edge>
    <edge id="e294" source="n10" target="n1">
      <data key="key3">2</data>
      <data key="key9">1</data>
    </edge>
    <edge id="e295" source="n10" target="n2">
      <data key="key3">2</data>
      <data key="key9">1</data>
    </edge>
    <edge id="e296" source="n10" target="n3">
      <data key="key3">2</data>
      <data key="key9">1</data>
    </edge>
    <edge id="e297" source="n10" target="n4">
      <data key="key3">2</data>
      <data key="key9">1</data>
    </edge>
    <edge id="e298" source="n10" target="n5">
      <data key="key3">2</data>
      <data key="key9">1</data>
    </edge>
    <edge id="e299" source="n10" target="n6">
      <data key="key3">2</data>
      <data key="key9">1</data>
    </edge>
    <edge id="e300" source="n10" target="n7">
      <data key="key3">2</data>
      <data key="key9">1</data>
    </edge>
    <edge id="e301" source="n10" target="n9">
      <data key="key3">2</data>
      <data key="key9">1</data>
    </edge>
    <edge id="e302" source="n10" target="n11">
      <data key="key3">2</data>
      <data key="key9">1</data>
    </edge>
    <edge id="e303" source="n10" target="n12">
      <data key="key3">2</data>
      <data key="key9">1</data>
    </edge>
    <edge id="e304" source="n10" target="n13">
      <data key="key3">2</data>
      <data key="key9">1</data>
    </edge>
    <edge id="e305" source="n10" target="n15">
      <data key="key3">2</data>
      <data key="key9">1</data>
    </edge>
    <edge id="e306" source="n10" target="n18">
      <data key="key3">2</data>
      <data key="key9">1</data>
    </edge>
    <edge id="e307" source="n10" target="n19">
      <data key="key3">2</data>
      <data key="key9">1</data>
    </edge>
    <edge id="e308" source="n10" target="n20">
      <data key="key3">2</data>
      <data key="key9">1</data>
    </edge>
    <edge id="e309" source="n10" target="n21">
      <data key="key3">2</data>
      <data key="key9">1</data>
    </edge>
    <edge id="e310" source="n10" target="n0">
      <data key="key3">3</data>
      <data key="key9">1</data>
    </edge>
    <edge id="e311" source="n10" target="n1">
      <data key="key3">3</data>
      <data key="key9">1</data>
    </edge>
    <edge id="e312" source="n10" target="n2">
      <data key="key3">3</data>
      <data key="key9">1</data>
    </edge>
    <edge id="e313" source="n10" target="n3">
      <data key="key3">3</data>
      <data key="key9">1</data>
    </edge>
    <edge id="e314" source="n10" target="n4">
      <data key="key3">3</data>
      <data key="key9">1</data>
    </edge>
    <edge id="e315" source="n10" target="n5">
      <data key="key3">3</data>
      <data key="key9">1</data>
    </edge>
    <edge id="e316" source="n10" target="n6">
      <data key="key3">3</data>
      <data key="key9">1</data>
    </edge>
    <edge id="e317" source="n10" target="n7">
      <data key="key3">3</data>
      <data key="key9">1</data>
    </edge>
    <edge id="e318" source="n10" target="n9">
      <data key="key3">3</data>
      <data key="key9">1</data>
    </edge>
    <edge id="e319" source="n10" target="n11">
      <data key="key3">3</data>
      <data key="key9">1</data>
    </edge>
    <edge id="e320" source="n10" target="n13">
      <data key="key3">3</data>
      <data key="key9">1</data>
    </edge>
    <edge id="e321" source="n10" target="n15">
      <data key="key3">3</data>
      <data key="key9">1</data>
    </edge>
    <edge id="e322" source="n10" target="n19">
      <data key="key3">3</data>
      <data key="key9">1</data>
    </edge>
    <edge id="e323" source="n10" target="n20">
      <data key="key3">3</data>
      <data key="key9">1</data>
    </edge>
    <edge id="e324" source="n10" target="n21">
      <data key="key3">3</data>
      <data key="key9">1</data>
    </edge>
    <edge id="e325" source="n10" target="n22">
      <data key="key3">3</data>
      <data key="key9">1</data>
    </edge>
    <edge id="e326" source="n11" target="n0">
      <data key="key3">1</data>
      <data key="key9">1</data>
    </edge>
    <edge id="e327" source="n11" target="n4">
      <data key="key3">1</data>
      <data key="key9">1</data>
    </edge>
    <edge id="e328" source="n11" target="n5">
      <data key="key3">1</data>
      <data key="key9">1</data>
    </edge>
    <edge id="e329" source="n11" target="n7">
      <data key="key3">1</data>
      <data key="key9">1</data>
    </edge>
    <edge id="e330" source="n11" target="n10">
      <data key="key3">1</data>
      <data key="key9">1</data>
    </edge>
    <edge id="e331" source="n11" target="n13">
      <data key="key3">1</data>
      <data key="key9">1</data>
    </edge>
    <edge id="e332" source="n11" target="n15">
      <data key="key3">1</data>
      <data key="key9">1</data>
    </edge>
    <edge id="e333" source="n11" target="n16">
      <data key="key3">1</data>
      <data key="key9">1</data>
    </edge>
    <edge id="e334" source="n11" target="n21">
      <data key="key3">1</data>
      <data key="key9">1</data>
    </edge>
    <edge id="e335" source="n11" target="n0">
      <data key="key3">2</data>
      <data key="key9">1</data>
    </edge>
    <edge id="e336" source="n11" target="n7">
      <data key="key3">2</data>
      <data key="key9">1</data>
    </edge>
    <edge id="e337" source="n11" target="n10">
      <data key="key3">2</data>
      <data key="key9">1</data>
    </edge>
    <edge id="e338" source="n11" target="n0">
      <data key="key3">3</data>
      <data key="key9">1</data>
    </edge>
    <edge id="e339" source="n11" target="n1">
      <data key="key3">3</data>
      <data key="key9">1</data>
    </edge>
    <edge id="e340" source="n11" target="n2">
      <data key="key3">3</data>
      <data key="key9">1</data>
    </edge>
    <edge id="e341" source="n11" target="n4">
      <data key="key3">3</data>
      <data key="key9">1</data>
    </edge>
    <edge id="e342" source="n11" target="n5">
      <data key="key3">3</data>
      <data key="key9">1</data>
    </edge>
    <edge id="e343" source="n11" target="n10">
      <data key="key3">3</data>
      <data key="key9">1</data>
    </edge>
    <edge id="e344" source="n11" target="n13">
      <data key="key3">3</data>
      <data key="key9">1</data>
    </edge>
    <edge id="e345" source="n11" target="n14">
      <data key="key3">3</data>
      <data key="key9">1</data>
    </edge>
    <edge id="e346" source="n11" target="n15">
      <data key="key3">3</data>
      <data key="key9">1</data>
    </edge>
    <edge id="e347" source="n12" target="n13">
      <data key="key3">1</data>
      <data key="key9">1</data>
    </edge>
    <edge id="e348" source="n12" target="n14">
      <data key="key3">1</data>
      <data key="key9">1</data>
    </edge>
    <edge id="e349" source="n12" target="n15">
      <data key="key3">1</data>
      <data key="key9">1</data>
    </edge>
    <edge id="e350" source="n12" target="n16">
      <data key="key3">1</data>
      <data key="key9">1</data>
    </edge>
    <edge id="e351" source="n12" target="n17">
      <data key="key3">1</data>
      <data key="key9">1</data>
    </edge>
    <edge id="e352" source="n12" target="n18">
      <data key="key3">1</data>
      <data key="key9">1</data>
    </edge>
    <edge id="e353" source="n12" target="n19">
      <data key="key3">1</data>
      <data key="key9">1</data>
    </edge>
    <edge id="e354" source="n12" target="n20">
      <data key="key3">1</data>
      <data key="key9">1</data>
    </edge>
    <edge id="e355" source="n12" target="n21">
      <data key="key3">1</data>
      <data key="key9">1</data>
    </edge>
    <edge id="e356" source="n12" target="n22">
      <data key="key3">1</data>
      <data key="key9">1</data>
    </edge>
    <edge id="e357" source="n12" target="n23">
      <data key="key3">1</data>
      <data key="key9">1</data>
    </edge>
    <edge id="e358" source="n12" target="n24">
      <data key="key3">1</data>
      <data key="key9">1</data>
    </edge>
    <edge id="e359" source="n12" target="n25">
      <data key="key3">1</data>
      <data key="key9">1</data>
    </edge>
    <edge id="e360" source="n12" target="n26">
      <data key="key3">1</data>
      <data key="key9">1</data>
    </edge>
    <edge id="e361" source="n12" target="n28">
      <data key="key3">1</data>
      <data key="key9">1</data>
    </edge>
    <edge id="e362" source="n12" target="n13">
      <data key="key3">2</data>
      <data key="key9">1</data>
    </edge>
    <edge id="e363" source="n12" target="n17">
      <data key="key3">2</data>
      <data key="key9">1</data>
    </edge>
    <edge id="e364" source="n12" target="n19">
      <data key="key3">2</data>
      <data key="key9">1</data>
    </edge>
    <edge id="e365" source="n12" target="n20">
      <data key="key3">2</data>
      <data key="key9">1</data>
    </edge>
    <edge id="e366" source="n12" target="n21">
      <data key="key3">2</data>
      <data key="key9">1</data>
    </edge>
    <edge id="e367" source="n12" target="n22">
      <data key="key3">2</data>
      <data key="key9">1</data>
    </edge>
    <edge id="e368" source="n12" target="n24">
      <data key="key3">2</data>
      <data key="key9">1</data>
    </edge>
    <edge id="e369" source="n12" target="n28">
      <data key="key3">2</data>
      <data key="key9">1</data>
    </edge>
    <edge id="e370" source="n12" target="n13">
      <data key="key3">3</data>
      <data key="key9">1</data>
    </edge>
    <edge id="e371" source="n12" target="n14">
      <data key="key3">3</data>
      <data key="key9">1</data>
    </edge>
    <edge id="e372" source="n12" target="n15">
      <data key="key3">3</data>
      <data key="key9">1</data>
    </edge>
    <edge id="e373" source="n12" target="n17">
      <data key="key3">3</data>
      <data key="key9">1</data>
    </edge>
    <edge id="e374" source="n12" target="n19">
      <data key="key3">3</data>
      <data key="key9">1</data>
    </edge>
    <edge id="e375" source="n12" target="n20">
      <data key="key3">3</data>
      <data key="key9">1</data>
    </edge>
    <edge id="e376" source="n12" target="n21">
      <data key="key3">3</data>
      <data key="key9">1</data>
    </edge>
    <edge id="e377" source="n12" target="n22">
      <data key="key3">3</data>
      <data key="key9">1</data>
    </edge>
    <edge id="e378" source="n12" target="n23">
      <data key="key3">3</data>
      <data key="key9">1</data>
    </edge>
    <edge id="e379" source="n12" target="n24">
      <data key="key3">3</data>
      <data key="key9">1</data>
    </edge>
    <edge id="e380" source="n13" target="n1">
      <data key="key3">1</data>
      <data key="key9">1</data>
    </edge>
    <edge id="e381" source="n13" target="n4">
      <data key="key3">1</data>
      <data key="key9">1</data>
    </edge>
    <edge id="e382" source="n13" target="n10">
      <data key="key3">1</data>
      <data key="key9">1</data>
    </edge>
    <edge id="e383" source="n13" target="n14">
      <data key="key3">1</data>
      <data key="key9">1</data>
    </edge>
    <edge id="e384" source="n13" target="n15">
      <data key="key3">1</data>
      <data key="key9">1</data>
    </edge>
    <edge id="e385" source="n13" target="n16">
      <data key="key3">1</data>
      <data key="key9">1</data>
    </edge>
    <edge id="e386" source="n13" target="n18">
      <data key="key3">1</data>
      <data key="key9">1</data>
    </edge>
    <edge id="e387" source="n13" target="n19">
      <data key="key3">1</data>
      <data key="key9">1</data>
    </edge>
    <edge id="e388" source="n13" target="n20">
      <data key="key3">1</data>
      <data key="key9">1</data>
    </edge>
    <edge id="e389" source="n13" target="n21">
      <data key="key3">1</data>
      <data key="key9">1</data>
    </edge>
    <edge id="e390" source="n13" target="n22">
      <data key="key3">1</data>
      <data key="key9">1</data>
    </edge>
    <edge id="e391" source="n13" target="n23">
      <data key="key3">1</data>
      <data key="key9">1</data>
    </edge>
    <edge id="e392" source="n13" target="n25">
      <data key="key3">1</data>
      <data key="key9">1</data>
    </edge>
    <edge id="e393" source="n13" target="n26">
      <data key="key3">1</data>
      <data key="key9">1</data>
    </edge>
    <edge id="e394" source="n13" target="n18">
      <data key="key3">2</data>
      <data key="key9">1</data>
    </edge>
    <edge id="e395" source="n13" target="n19">
      <data key="key3">2</data>
      <data key="key9">1</data>
    </edge>
    <edge id="e396" source="n13" target="n20">
      <data key="key3">2</data>
      <data key="key9">1</data>
    </edge>
    <edge id="e397" source="n13" target="n21">
      <data key="key3">2</data>
      <data key="key9">1</data>
    </edge>
    <edge id="e398" source="n13" target="n22">
      <data key="key3">2</data>
      <data key="key9">1</data>
    </edge>
    <edge id="e399" source="n13" target="n25">
      <data key="key3">2</data>
      <data key="key9">1</data>
    </edge>
    <edge id="e400" source="n13" target="n26">
      <data key="key3">2</data>
      <data key="key9">1</data>
    </edge>
    <edge id="e401" source="n13" target="n14">
      <data key="key3">3</data>
      <data key="key9">1</data>
    </edge>
    <edge id="e402" source="n13" target="n15">
      <data key="key3">3</data>
      <data key="key9">1</data>
    </edge>
    <edge id="e403" source="n13" target="n16">
      <data key="key3">3</data>
      <data key="key9">1</data>
    </edge>
    <edge id="e404" source="n13" target="n18">
      <data key="key3">3</data>
      <data key="key9">1</data>
    </edge>
    <edge id="e405" source="n13" target="n19">
      <data key="key3">3</data>
      <data key="key9">1</data>
    </edge>
    <edge id="e406" source="n13" target="n20">
      <data key="key3">3</data>
      <data key="key9">1</data>
    </edge>
    <edge id="e407" source="n13" target="n21">
      <data key="key3">3</data>
      <data key="key9">1</data>
    </edge>
    <edge id="e408" source="n13" target="n22">
      <data key="key3">3</data>
      <data key="key9">1</data>
    </edge>
    <edge id="e409" source="n13" target="n23">
      <data key="key3">3</data>
      <data key="key9">1</data>
    </edge>
    <edge id="e410" source="n13" target="n25">
      <data key="key3">3</data>
      <data key="key9">1</data>
    </edge>
    <edge id="e411" source="n13" target="n26">
      <data key="key3">3</data>
      <data key="key9">1</data>
    </edge>
    <edge id="e412" source="n14" target="n4">
      <data key="key3">1</data>
      <data key="key9">1</data>
    </edge>
    <edge id="e413" source="n14" target="n13">
      <data key="key3">1</data>
      <data key="key9">1</data>
    </edge>
    <edge id="e414" source="n14" target="n15">
      <data key="key3">1</data>
      <data key="key9">1</data>
    </edge>
    <edge id="e415" source="n14" target="n18">
      <data key="key3">1</data>
      <data key="key9">1</data>
    </edge>
    <edge id="e416" source="n14" target="n19">
      <data key="key3">1</data>
      <data key="key9">1</data>
    </edge>
    <edge id="e417" source="n14" target="n20">
      <data key="key3">1</data>
      <data key="key9">1</data>
    </edge>
    <edge id="e418" source="n14" target="n21">
      <data key="key3">1</data>
      <data key="key9">1</data>
    </edge>
    <edge id="e419" source="n14" target="n22">
      <data key="key3">1</data>
      <data key="key9">1</data>
    </edge>
    <edge id="e420" source="n14" target="n23">
      <data key="key3">1</data>
      <data key="key9">1</data>
    </edge>
    <edge id="e421" source="n14" target="n25">
      <data key="key3">1</data>
      <data key="key9">1</data>
    </edge>
    <edge id="e422" source="n14" target="n26">
      <data key="key3">1</data>
      <data key="key9">1</data>
    </edge>
    <edge id="e423" source="n14" target="n27">
      <data key="key3">1</data>
      <data key="key9">1</data>
    </edge>
    <edge id="e424" source="n14" target="n28">
      <data key="key3">1</data>
      <data key="key9">1</data>
    </edge>
    <edge id="e425" source="n14" target="n13">
      <data key="key3">2</data>
      <data key="key9">1</data>
    </edge>
    <edge id="e426" source="n14" target="n15">
      <data key="key3">2</data>
      <data key="key9">1</data>
    </edge>
    <edge id="e427" source="n14" target="n18">
      <data key="key3">2</data>
      <data key="key9">1</data>
    </edge>
    <edge id="e428" source="n14" target="n19">
      <data key="key3">2</data>
      <data key="key9">1</data>
    </edge>
    <edge id="e429" source="n14" target="n20">
      <data key="key3">2</data>
      <data key="key9">1</data>
    </edge>
    <edge id="e430" source="n14" target="n21">
      <data key="key3">2</data>
      <data key="key9">1</data>
    </edge>
    <edge id="e431" source="n14" target="n22">
      <data key="key3">2</data>
      <data key="key9">1</data>
    </edge>
    <edge id="e432" source="n14" target="n23">
      <data key="key3">2</data>
      <data key="key9">1</data>
    </edge>
    <edge id="e433" source="n14" target="n15">
      <data key="key3">3</data>
      <data key="key9">1</data>
    </edge>
    <edge id="e434" source="n14" target="n20">
      <data key="key3">3</data>
      <data key="key9">1</data>
    </edge>
    <edge id="e435" source="n15" target="n0">
      <data key="key3">1</data>
      <data key="key9">1</data>
    </edge>
    <edge id="e436" source="n15" target="n1">
      <data key="key3">1</data>
      <data key="key9">1</data>
    </edge>
    <edge id="e437" source="n15" target="n4">
      <data key="key3">1</data>
      <data key="key9">1</data>
    </edge>
    <edge id="e438" source="n15" target="n9">
      <data key="key3">1</data>
      <data key="key9">1</data>
    </edge>
    <edge id="e439" source="n15" target="n10">
      <data key="key3">1</data>
      <data key="key9">1</data>
    </edge>
    <edge id="e440" source="n15" target="n11">
      <data key="key3">1</data>
      <data key="key9">1</data>
    </edge>
    <edge id="e441" source="n15" target="n13">
      <data key="key3">1</data>
      <data key="key9">1</data>
    </edge>
    <edge id="e442" source="n15" target="n14">
      <data key="key3">1</data>
      <data key="key9">1</data>
    </edge>
    <edge id="e443" source="n15" target="n16">
      <data key="key3">1</data>
      <data key="key9">1</data>
    </edge>
    <edge id="e444" source="n15" target="n18">
      <data key="key3">1</data>
      <data key="key9">1</data>
    </edge>
    <edge id="e445" source="n15" target="n19">
      <data key="key3">1</data>
      <data key="key9">1</data>
    </edge>
    <edge id="e446" source="n15" target="n20">
      <data key="key3">1</data>
      <data key="key9">1</data>
    </edge>
    <edge id="e447" source="n15" target="n21">
      <data key="key3">1</data>
      <data key="key9">1</data>
    </edge>
    <edge id="e448" source="n15" target="n22">
      <data key="key3">1</data>
      <data key="key9">1</data>
    </edge>
    <edge id="e449" source="n15" target="n23">
      <data key="key3">1</data>
      <data key="key9">1</data>
    </edge>
    <edge id="e450" source="n15" target="n25">
      <data key="key3">1</data>
      <data key="key9">1</data>
    </edge>
    <edge id="e451" source="n15" target="n13">
      <data key="key3">2</data>
      <data key="key9">1</data>
    </edge>
    <edge id="e452" source="n15" target="n14">
      <data key="key3">2</data>
      <data key="key9">1</data>
    </edge>
    <edge id="e453" source="n15" target="n19">
      <data key="key3">2</data>
      <data key="key9">1</data>
    </edge>
    <edge id="e454" source="n15" target="n20">
      <data key="key3">2</data>
      <data key="key9">1</data>
    </edge>
    <edge id="e455" source="n15" target="n21">
      <data key="key3">2</data>
      <data key="key9">1</data>
    </edge>
    <edge id="e456" source="n15" target="n22">
      <data key="key3">2</data>
      <data key="key9">1</data>
    </edge>
    <edge id="e457" source="n15" target="n13">
      <data key="key3">3</data>
      <data key="key9">1</data>
    </edge>
    <edge id="e458" source="n15" target="n14">
      <data key="key3">3</data>
      <data key="key9">1</data>
    </edge>
    <edge id="e459" source="n15" target="n16">
      <data key="key3">3</data>
      <data key="key9">1</data>
    </edge>
    <edge id="e460" source="n15" target="n19">
      <data key="key3">3</data>
      <data key="key9">1</data>
    </edge>
    <edge id="e461" source="n15" target="n20">
      <data key="key3">3</data>
      <data key="key9">1</data>
    </edge>
    <edge id="e462" source="n15" target="n21">
      <data key="key3">3</data>
      <data key="key9">1</data>
    </edge>
    <edge id="e463" source="n16" target="n0">
      <data key="key3">1</data>
      <data key="key9">1</data>
    </edge>
    <edge id="e464" source="n16" target="n10">
      <data key="key3">1</data>
      <data key="key9">1</data>
    </edge>
    <edge id="e465" source="n16" target="n11">
      <data key="key3">1</data>
      <data key="key9">1</data>
    </edge>
    <edge id="e466" source="n16" target="n12">
      <data key="key3">1</data>
      <data key="key9">1</data>
    </edge>
    <edge id="e467" source="n16" target="n13">
      <data key="key3">1</data>
      <data key="key9">1</data>
    </edge>
    <edge id="e468" source="n16" target="n14">
      <data key="key3">1</data>
      <data key="key9">1</data>
    </edge>
    <edge id="e469" source="n16" target="n15">
      <data key="key3">1</data>
      <data key="key9">1</data>
    </edge>
    <edge id="e470" source="n16" target="n18">
      <data key="key3">1</data>
      <data key="key9">1</data>
    </edge>
    <edge id="e471" source="n16" target="n23">
      <data key="key3">1</data>
      <data key="key9">1</data>
    </edge>
    <edge id="e472" source="n16" target="n25">
      <data key="key3">1</data>
      <data key="key9">1</data>
    </edge>
    <edge id="e473" source="n16" target="n27">
      <data key="key3">1</data>
      <data key="key9">1</data>
    </edge>
    <edge id="e474" source="n16" target="n28">
      <data key="key3">1</data>
      <data key="key9">1</data>
    </edge>
    <edge id="e475" source="n16" target="n23">
      <data key="key3">2</data>
      <data key="key9">1</data>
    </edge>
    <edge id="e476" source="n16" target="n28">
      <data key="key3">2</data>
      <data key="key9">1</data>
    </edge>
    <edge id="e477" source="n16" target="n23">
      <data key="key3">3</data>
      <data key="key9">1</data>
    </edge>
    <edge id="e478" source="n17" target="n7">
      <data key="key3">1</data>
      <data key="key9">1</data>
    </edge>
    <edge id="e479" source="n17" target="n8">
      <data key="key3">1</data>
      <data key="key9">1</data>
    </edge>
    <edge id="e480" source="n17" target="n12">
      <data key="key3">1</data>
      <data key="key9">1</data>
    </edge>
    <edge id="e481" source="n17" target="n15">
      <data key="key3">1</data>
      <data key="key9">1</data>
    </edge>
    <edge id="e482" source="n17" target="n24">
      <data key="key3">1</data>
      <data key="key9">1</data>
    </edge>
    <edge id="e483" source="n17" target="n12">
      <data key="key3">2</data>
      <data key="key9">1</data>
    </edge>
    <edge id="e484" source="n17" target="n24">
      <data key="key3">2</data>
      <data key="key9">1</data>
    </edge>
    <edge id="e485" source="n17" target="n24">
      <data key="key3">3</data>
      <data key="key9">1</data>
    </edge>
    <edge id="e486" source="n18" target="n13">
      <data key="key3">1</data>
      <data key="key9">1</data>
    </edge>
    <edge id="e487" source="n18" target="n14">
      <data key="key3">1</data>
      <data key="key9">1</data>
    </edge>
    <edge id="e488" source="n18" target="n15">
      <data key="key3">1</data>
      <data key="key9">1</data>
    </edge>
    <edge id="e489" source="n18" target="n16">
      <data key="key3">1</data>
      <data key="key9">1</data>
    </edge>
    <edge id="e490" source="n18" target="n17">
      <data key="key3">1</data>
      <data key="key9">1</data>
    </edge>
    <edge id="e491" source="n18" target="n19">
      <data key="key3">1</data>
      <data key="key9">1</data>
    </edge>
    <edge id="e492" source="n18" target="n20">
      <data key="key3">1</data>
      <data key="key9">1</data>
    </edge>
    <edge id="e493" source="n18" target="n21">
      <data key="key3">1</data>
      <data key="key9">1</data>
    </edge>
    <edge id="e494" source="n18" target="n22">
      <data key="key3">1</data>
      <data key="key9">1</data>
    </edge>
    <edge id="e495" source="n18" target="n23">
      <data key="key3">1</data>
      <data key="key9">1</data>
    </edge>
    <edge id="e496" source="n18" target="n25">
      <data key="key3">1</data>
      <data key="key9">1</data>
    </edge>
    <edge id="e497" source="n18" target="n26">
      <data key="key3">1</data>
      <data key="key9">1</data>
    </edge>
    <edge id="e498" source="n18" target="n13">
      <data key="key3">2</data>
      <data key="key9">1</data>
    </edge>
    <edge id="e499" source="n18" target="n19">
      <data key="key3">2</data>
      <data key="key9">1</data>
    </edge>
    <edge id="e500" source="n18" target="n20">
      <data key="key3">2</data>
      <data key="key9">1</data>
    </edge>
    <edge id="e501" source="n18" target="n21">
      <data key="key3">2</data>
      <data key="key9">1</data>
    </edge>
    <edge id="e502" source="n18" target="n22">
      <data key="key3">2</data>
      <data key="key9">1</data>
    </edge>
    <edge id="e503" source="n18" target="n23">
      <data key="key3">2</data>
      <data key="key9">1</data>
    </edge>
    <edge id="e504" source="n18" target="n13">
      <data key="key3">3</data>
      <data key="key9">1</data>
    </edge>
    <edge id="e505" source="n18" target="n14">
      <data key="key3">3</data>
      <data key="key9">1</data>
    </edge>
    <edge id="e506" source="n18" target="n15">
      <data key="key3">3</data>
      <data key="key9">1</data>
    </edge>
    <edge id="e507" source="n18" target="n19">
      <data key="key3">3</data>
      <data key="key9">1</data>
    </edge>
    <edge id="e508" source="n18" target="n20">
      <data key="key3">3</data>
      <data key="key9">1</data>
    </edge>
    <edge id="e509" source="n18" target="n21">
      <data key="key3">3</data>
      <data key="key9">1</data>
    </edge>
    <edge id="e510" source="n18" target="n22">
      <data key="key3">3</data>
      <data key="key9">1</data>
    </edge>
    <edge id="e511" source="n18" target="n23">
      <data key="key3">3</data>
      <data key="key9">1</data>
    </edge>
    <edge id="e512" source="n18" target="n26">
      <data key="key3">3</data>
      <data key="key9">1</data>
    </edge>
    <edge id="e513" source="n18" target="n27">
      <data key="key3">3</data>
      <data key="key9">1</data>
    </edge>
    <edge id="e514" source="n18" target="n28">
      <data key="key3">3</data>
      <data key="key9">1</data>
    </edge>
    <edge id="e515" source="n19" target="n1">
      <data key="key3">1</data>
      <data key="key9">1</data>
    </edge>
    <edge id="e516" source="n19" target="n4">
      <data key="key3">1</data>
      <data key="key9">1</data>
    </edge>
    <edge id="e517" source="n19" target="n10">
      <data key="key3">1</data>
      <data key="key9">1</data>
    </edge>
    <edge id="e518" source="n19" target="n12">
      <data key="key3">1</data>
      <data key="key9">1</data>
    </edge>
    <edge id="e519" source="n19" target="n13">
      <data key="key3">1</data>
      <data key="key9">1</data>
    </edge>
    <edge id="e520" source="n19" target="n14">
      <data key="key3">1</data>
      <data key="key9">1</data>
    </edge>
    <edge id="e521" source="n19" target="n15">
      <data key="key3">1</data>
      <data key="key9">1</data>
    </edge>
    <edge id="e522" source="n19" target="n18">
      <data key="key3">1</data>
      <data key="key9">1</data>
    </edge>
    <edge id="e523" source="n19" target="n20">
      <data key="key3">1</data>
      <data key="key9">1</data>
    </edge>
    <edge id="e524" source="n19" target="n21">
      <data key="key3">1</data>
      <data key="key9">1</data>
    </edge>
    <edge id="e525" source="n19" target="n22">
      <data key="key3">1</data>
      <data key="key9">1</data>
    </edge>
    <edge id="e526" source="n19" target="n23">
      <data key="key3">1</data>
      <data key="key9">1</data>
    </edge>
    <edge id="e527" source="n19" target="n24">
      <data key="key3">1</data>
      <data key="key9">1</data>
    </edge>
    <edge id="e528" source="n19" target="n25">
      <data key="key3">1</data>
      <data key="key9">1</data>
    </edge>
    <edge id="e529" source="n19" target="n26">
      <data key="key3">1</data>
      <data key="key9">1</data>
    </edge>
    <edge id="e530" source="n19" target="n13">
      <data key="key3">2</data>
      <data key="key9">1</data>
    </edge>
    <edge id="e531" source="n19" target="n14">
      <data key="key3">2</data>
      <data key="key9">1</data>
    </edge>
    <edge id="e532" source="n19" target="n15">
      <data key="key3">2</data>
      <data key="key9">1</data>
    </edge>
    <edge id="e533" source="n19" target="n18">
      <data key="key3">2</data>
      <data key="key9">1</data>
    </edge>
    <edge id="e534" source="n19" target="n20">
      <data key="key3">2</data>
      <data key="key9">1</data>
    </edge>
    <edge id="e535" source="n19" target="n21">
      <data key="key3">2</data>
      <data key="key9">1</data>
    </edge>
    <edge id="e536" source="n19" target="n22">
      <data key="key3">2</data>
      <data key="key9">1</data>
    </edge>
    <edge id="e537" source="n19" target="n26">
      <data key="key3">2</data>
      <data key="key9">1</data>
    </edge>
    <edge id="e538" source="n19" target="n13">
      <data key="key3">3</data>
      <data key="key9">1</data>
    </edge>
    <edge id="e539" source="n19" target="n14">
      <data key="key3">3</data>
      <data key="key9">1</data>
    </edge>
    <edge id="e540" source="n19" target="n15">
      <data key="key3">3</data>
      <data key="key9">1</data>
    </edge>
    <edge id="e541" source="n19" target="n18">
      <data key="key3">3</data>
      <data key="key9">1</data>
    </edge>
    <edge id="e542" source="n19" target="n20">
      <data key="key3">3</data>
      <data key="key9">1</data>
    </edge>
    <edge id="e543" source="n19" target="n21">
      <data key="key3">3</data>
      <data key="key9">1</data>
    </edge>
    <edge id="e544" source="n19" target="n22">
      <data key="key3">3</data>
      <data key="key9">1</data>
    </edge>
    <edge id="e545" source="n19" target="n26">
      <data key="key3">3</data>
      <data key="key9">1</data>
    </edge>
    <edge id="e546" source="n20" target="n0">
      <data key="key3">1</data>
      <data key="key9">1</data>
    </edge>
    <edge id="e547" source="n20" target="n1">
      <data key="key3">1</data>
      <data key="key9">1</data>
    </edge>
    <edge id="e548" source="n20" target="n4">
      <data key="key3">1</data>
      <data key="key9">1</data>
    </edge>
    <edge id="e549" source="n20" target="n10">
      <data key="key3">1</data>
      <data key="key9">1</data>
    </edge>
    <edge id="e550" source="n20" target="n13">
      <data key="key3">1</data>
      <data key="key9">1</data>
    </edge>
    <edge id="e551" source="n20" target="n15">
      <data key="key3">1</data>
      <data key="key9">1</data>
    </edge>
    <edge id="e552" source="n20" target="n18">
      <data key="key3">1</data>
      <data key="key9">1</data>
    </edge>
    <edge id="e553" source="n20" target="n19">
      <data key="key3">1</data>
      <data key="key9">1</data>
    </edge>
    <edge id="e554" source="n20" target="n21">
      <data key="key3">1</data>
      <data key="key9">1</data>
    </edge>
    <edge id="e555" source="n20" target="n22">
      <data key="key3">1</data>
      <data key="key9">1</data>
    </edge>
    <edge id="e556" source="n20" target="n13">
      <data key="key3">2</data>
      <data key="key9">1</data>
    </edge>
    <edge id="e557" source="n20" target="n15">
      <data key="key3">2</data>
      <data key="key9">1</data>
    </edge>
    <edge id="e558" source="n20" target="n18">
      <data key="key3">2</data>
      <data key="key9">1</data>
    </edge>
    <edge id="e559" source="n20" target="n19">
      <data key="key3">2</data>
      <data key="key9">1</data>
    </edge>
    <edge id="e560" source="n20" target="n21">
      <data key="key3">2</data>
      <data key="key9">1</data>
    </edge>
    <edge id="e561" source="n20" target="n22">
      <data key="key3">2</data>
      <data key="key9">1</data>
    </edge>
    <edge id="e562" source="n20" target="n13">
      <data key="key3">3</data>
      <data key="key9">1</data>
    </edge>
    <edge id="e563" source="n20" target="n15">
      <data key="key3">3</data>
      <data key="key9">1</data>
    </edge>
    <edge id="e564" source="n20" target="n18">
      <data key="key3">3</data>
      <data key="key9">1</data>
    </edge>
    <edge id="e565" source="n20" target="n19">
      <data key="key3">3</data>
      <data key="key9">1</data>
    </edge>
    <edge id="e566" source="n20" target="n21">
      <data key="key3">3</data>
      <data key="key9">1</data>
    </edge>
    <edge id="e567" source="n20" target="n22">
      <data key="key3">3</data>
      <data key="key9">1</data>
    </edge>
    <edge id="e568" source="n21" target="n1">
      <data key="key3">1</data>
      <data key="key9">1</data>
    </edge>
    <edge id="e569" source="n21" target="n4">
      <data key="key3">1</data>
      <data key="key9">1</data>
    </edge>
    <edge id="e570" source="n21" target="n10">
      <data key="key3">1</data>
      <data key="key9">1</data>
    </edge>
    <edge id="e571" source="n21" target="n13">
      <data key="key3">1</data>
      <data key="key9">1</data>
    </edge>
    <edge id="e572" source="n21" target="n14">
      <data key="key3">1</data>
      <data key="key9">1</data>
    </edge>
    <edge id="e573" source="n21" target="n15">
      <data key="key3">1</data>
      <data key="key9">1</data>
    </edge>
    <edge id="e574" source="n21" target="n18">
      <data key="key3">1</data>
      <data key="key9">1</data>
    </edge>
    <edge id="e575" source="n21" target="n19">
      <data key="key3">1</data>
      <data key="key9">1</data>
    </edge>
    <edge id="e576" source="n21" target="n20">
      <data key="key3">1</data>
      <data key="key9">1</data>
    </edge>
    <edge id="e577" source="n21" target="n22">
      <data key="key3">1</data>
      <data key="key9">1</data>
    </edge>
    <edge id="e578" source="n21" target="n25">
      <data key="key3">1</data>
      <data key="key9">1</data>
    </edge>
    <edge id="e579" source="n21" target="n26">
      <data key="key3">1</data>
      <data key="key9">1</data>
    </edge>
    <edge id="e580" source="n21" target="n28">
      <data key="key3">1</data>
      <data key="key9">1</data>
    </edge>
    <edge id="e581" source="n21" target="n13">
      <data key="key3">2</data>
      <data key="key9">1</data>
    </edge>
    <edge id="e582" source="n21" target="n14">
      <data key="key3">2</data>
      <data key="key9">1</data>
    </edge>
    <edge id="e583" source="n21" target="n18">
      <data key="key3">2</data>
      <data key="key9">1</data>
    </edge>
    <edge id="e584" source="n21" target="n19">
      <data key="key3">2</data>
      <data key="key9">1</data>
    </edge>
    <edge id="e585" source="n21" target="n20">
      <data key="key3">2</data>
      <data key="key9">1</data>
    </edge>
    <edge id="e586" source="n21" target="n22">
      <data key="key3">2</data>
      <data key="key9">1</data>
    </edge>
    <edge id="e587" source="n21" target="n25">
      <data key="key3">2</data>
      <data key="key9">1</data>
    </edge>
    <edge id="e588" source="n21" target="n26">
      <data key="key3">2</data>
      <data key="key9">1</data>
    </edge>
    <edge id="e589" source="n21" target="n13">
      <data key="key3">3</data>
      <data key="key9">1</data>
    </edge>
    <edge id="e590" source="n21" target="n14">
      <data key="key3">3</data>
      <data key="key9">1</data>
    </edge>
    <edge id="e591" source="n21" target="n15">
      <data key="key3">3</data>
      <data key="key9">1</data>
    </edge>
    <edge id="e592" source="n21" target="n18">
      <data key="key3">3</data>
      <data key="key9">1</data>
    </edge>
    <edge id="e593" source="n21" target="n19">
      <data key="key3">3</data>
      <data key="key9">1</data>
    </edge>
    <edge id="e594" source="n21" target="n20">
      <data key="key3">3</data>
      <data key="key9">1</data>
    </edge>
    <edge id="e595" source="n21" target="n22">
      <data key="key3">3</data>
      <data key="key9">1</data>
    </edge>
    <edge id="e596" source="n21" target="n25">
      <data key="key3">3</data>
      <data key="key9">1</data>
    </edge>
    <edge id="e597" source="n21" target="n26">
      <data key="key3">3</data>
      <data key="key9">1</data>
    </edge>
    <edge id="e598" source="n22" target="n13">
      <data key="key3">1</data>
      <data key="key9">1</data>
    </edge>
    <edge id="e599" source="n22" target="n14">
      <data key="key3">1</data>
      <data key="key9">1</data>
    </edge>
    <edge id="e600" source="n22" target="n15">
      <data key="key3">1</data>
      <data key="key9">1</data>
    </edge>
    <edge id="e601" source="n22" target="n18">
      <data key="key3">1</data>
      <data key="key9">1</data>
    </edge>
    <edge id="e602" source="n22" target="n19">
      <data key="key3">1</data>
      <data key="key9">1</data>
    </edge>
    <edge id="e603" source="n22" target="n20">
      <data key="key3">1</data>
      <data key="key9">1</data>
    </edge>
    <edge id="e604" source="n22" target="n21">
      <data key="key3">1</data>
      <data key="key9">1</data>
    </edge>
    <edge id="e605" source="n22" target="n24">
      <data key="key3">1</data>
      <data key="key9">1</data>
    </edge>
    <edge id="e606" source="n22" target="n25">
      <data key="key3">1</data>
      <data key="key9">1</data>
    </edge>
    <edge id="e607" source="n22" target="n26">
      <data key="key3">1</data>
      <data key="key9">1</data>
    </edge>
    <edge id="e608" source="n22" target="n28">
      <data key="key3">1</data>
      <data key="key9">1</data>
    </edge>
    <edge id="e609" source="n22" target="n13">
      <data key="key3">2</data>
      <data key="key9">1</data>
    </edge>
    <edge id="e610" source="n22" target="n14">
      <data key="key3">2</data>
      <data key="key9">1</data>
    </edge>
    <edge id="e611" source="n22" target="n15">
      <data key="key3">2</data>
      <data key="key9">1</data>
    </edge>
    <edge id="e612" source="n22" target="n18">
      <data key="key3">2</data>
      <data key="key9">1</data>
    </edge>
    <edge id="e613" source="n22" target="n19">
      <data key="key3">2</data>
      <data key="key9">1</data>
    </edge>
    <edge id="e614" source="n22" target="n20">
      <data key="key3">2</data>
      <data key="key9">1</data>
    </edge>
    <edge id="e615" source="n22" target="n21">
      <data key="key3">2</data>
      <data key="key9">1</data>
    </edge>
    <edge id="e616" source="n22" target="n13">
      <data key="key3">3</data>
      <data key="key9">1</data>
    </edge>
    <edge id="e617" source="n22" target="n14">
      <data key="key3">3</data>
      <data key="key9">1</data>
    </edge>
    <edge id="e618" source="n22" target="n15">
      <data key="key3">3</data>
      <data key="key9">1</data>
    </edge>
    <edge id="e619" source="n22" target="n18">
      <data key="key3">3</data>
      <data key="key9">1</data>
    </edge>
    <edge id="e620" source="n22" target="n19">
      <data key="key3">3</data>
      <data key="key9">1</data>
    </edge>
    <edge id="e621" source="n22" target="n20">
      <data key="key3">3</data>
      <data key="key9">1</data>
    </edge>
    <edge id="e622" source="n22" target="n21">
      <data key="key3">3</data>
      <data key="key9">1</data>
    </edge>
    <edge id="e623" source="n22" target="n23">
      <data key="key3">3</data>
      <data key="key9">1</data>
    </edge>
    <edge id="e624" source="n23" target="n12">
      <data key="key3">1</data>
      <data key="key9">1</data>
    </edge>
    <edge id="e625" source="n23" target="n13">
      <data key="key3">1</data>
      <data key="key9">1</data>
    </edge>
    <edge id="e626" source="n23" target="n14">
      <data key="key3">1</data>
      <data key="key9">1</data>
    </edge>
    <edge id="e627" source="n23" target="n15">
      <data key="key3">1</data>
      <data key="key9">1</data>
    </edge>
    <edge id="e628" source="n23" target="n16">
      <data key="key3">1</data>
      <data key="key9">1</data>
    </edge>
    <edge id="e629" source="n23" target="n17">
      <data key="key3">1</data>
      <data key="key9">1</data>
    </edge>
    <edge id="e630" source="n23" target="n18">
      <data key="key3">1</data>
      <data key="key9">1</data>
    </edge>
    <edge id="e631" source="n23" target="n19">
      <data key="key3">1</data>
      <data key="key9">1</data>
    </edge>
    <edge id="e632" source="n23" target="n20">
      <data key="key3">1</data>
      <data key="key9">1</data>
    </edge>
    <edge id="e633" source="n23" target="n21">
      <data key="key3">1</data>
      <data key="key9">1</data>
    </edge>
    <edge id="e634" source="n23" target="n22">
      <data key="key3">1</data>
      <data key="key9">1</data>
    </edge>
    <edge id="e635" source="n23" target="n24">
      <data key="key3">1</data>
      <data key="key9">1</data>
    </edge>
    <edge id="e636" source="n23" target="n25">
      <data key="key3">1</data>
      <data key="key9">1</data>
    </edge>
    <edge id="e637" source="n23" target="n26">
      <data key="key3">1</data>
      <data key="key9">1</data>
    </edge>
    <edge id="e638" source="n23" target="n27">
      <data key="key3">1</data>
      <data key="key9">1</data>
    </edge>
    <edge id="e639" source="n23" target="n28">
      <data key="key3">1</data>
      <data key="key9">1</data>
    </edge>
    <edge id="e640" source="n23" target="n13">
      <data key="key3">2</data>
      <data key="key9">1</data>
    </edge>
    <edge id="e641" source="n23" target="n14">
      <data key="key3">2</data>
      <data key="key9">1</data>
    </edge>
    <edge id="e642" source="n23" target="n16">
      <data key="key3">2</data>
      <data key="key9">1</data>
    </edge>
    <edge id="e643" source="n23" target="n18">
      <data key="key3">2</data>
      <data key="key9">1</data>
    </edge>
    <edge id="e644" source="n23" target="n22">
      <data key="key3">2</data>
      <data key="key9">1</data>
    </edge>
    <edge id="e645" source="n23" target="n25">
      <data key="key3">2</data>
      <data key="key9">1</data>
    </edge>
    <edge id="e646" source="n23" target="n26">
      <data key="key3">2</data>
      <data key="key9">1</data>
    </edge>
    <edge id="e647" source="n23" target="n27">
      <data key="key3">2</data>
      <data key="key9">1</data>
    </edge>
    <edge id="e648" source="n23" target="n28">
      <data key="key3">2</data>
      <data key="key9">1</data>
    </edge>
    <edge id="e649" source="n23" target="n14">
      <data key="key3">3</data>
      <data key="key9">1</data>
    </edge>
    <edge id="e650" source="n23" target="n15">
      <data key="key3">3</data>
      <data key="key9">1</data>
    </edge>
    <edge id="e651" source="n23" target="n16">
      <data key="key3">3</data>
      <data key="key9">1</data>
    </edge>
    <edge id="e652" source="n23" target="n18">
      <data key="key3">3</data>
      <data key="key9">1</data>
    </edge>
    <edge id="e653" source="n23" target="n25">
      <data key="key3">3</data>
      <data key="key9">1</data>
    </edge>
    <edge id="e654" source="n23" target="n26">
      <data key="key3">3</data>
      <data key="key9">1</data>
    </edge>
    <edge id="e655" source="n23" target="n28">
      <data key="key3">3</data>
      <data key="key9">1</data>
    </edge>
    <edge id="e656" source="n24" target="n7">
      <data key="key3">1</data>
      <data key="key9">1</data>
    </edge>
    <edge id="e657" source="n24" target="n8">
      <data key="key3">1</data>
      <data key="key9">1</data>
    </edge>
    <edge id="e658" source="n24" target="n10">
      <data key="key3">1</data>
      <data key="key9">1</data>
    </edge>
    <edge id="e659" source="n24" target="n12">
      <data key="key3">1</data>
      <data key="key9">1</data>
    </edge>
    <edge id="e660" source="n24" target="n17">
      <data key="key3">1</data>
      <data key="key9">1</data>
    </edge>
    <edge id="e661" source="n24" target="n12">
      <data key="key3">2</data>
      <data key="key9">1</data>
    </edge>
    <edge id="e662" source="n24" target="n17">
      <data key="key3">2</data>
      <data key="key9">1</data>
    </edge>
    <edge id="e663" source="n24" target="n17">
      <data key="key3">3</data>
      <data key="key9">1</data>
    </edge>
    <edge id="e664" source="n25" target="n13">
      <data key="key3">1</data>
      <data key="key9">1</data>
    </edge>
    <edge id="e665" source="n25" target="n14">
      <data key="key3">1</data>
      <data key="key9">1</data>
    </edge>
    <edge id="e666" source="n25" target="n15">
      <data key="key3">1</data>
      <data key="key9">1</data>
    </edge>
    <edge id="e667" source="n25" target="n18">
      <data key="key3">1</data>
      <data key="key9">1</data>
    </edge>
    <edge id="e668" source="n25" target="n19">
      <data key="key3">1</data>
      <data key="key9">1</data>
    </edge>
    <edge id="e669" source="n25" target="n21">
      <data key="key3">1</data>
      <data key="key9">1</data>
    </edge>
    <edge id="e670" source="n25" target="n22">
      <data key="key3">1</data>
      <data key="key9">1</data>
    </edge>
    <edge id="e671" source="n25" target="n26">
      <data key="key3">1</data>
      <data key="key9">1</data>
    </edge>
    <edge id="e672" source="n25" target="n19">
      <data key="key3">2</data>
      <data key="key9">1</data>
    </edge>
    <edge id="e673" source="n25" target="n21">
      <data key="key3">2</data>
      <data key="key9">1</data>
    </edge>
    <edge id="e674" source="n25" target="n26">
      <data key="key3">2</data>
      <data key="key9">1</data>
    </edge>
    <edge id="e675" source="n25" target="n19">
      <data key="key3">3</data>
      <data key="key9">1</data>
    </edge>
    <edge id="e676" source="n25" target="n21">
      <data key="key3">3</data>
      <data key="key9">1</data>
    </edge>
    <edge id="e677" source="n25" target="n26">
      <data key="key3">3</data>
      <data key="key9">1</data>
    </edge>
    <edge id="e678" source="n26" target="n13">
      <data key="key3">1</data>
      <data key="key9">1</data>
    </edge>
    <edge id="e679" source="n26" target="n16">
      <data key="key3">1</data>
      <data key="key9">1</data>
    </edge>
    <edge id="e680" source="n26" target="n18">
      <data key="key3">1</data>
      <data key="key9">1</data>
    </edge>
    <edge id="e681" source="n26" target="n19">
      <data key="key3">1</data>
      <data key="key9">1</data>
    </edge>
    <edge id="e682" source="n26" target="n20">
      <data key="key3">1</data>
      <data key="key9">1</data>
    </edge>
    <edge id="e683" source="n26" target="n21">
      <data key="key3">1</data>
      <data key="key9">1</data>
    </edge>
    <edge id="e684" source="n26" target="n25">
      <data key="key3">1</data>
      <data key="key9">1</data>
    </edge>
    <edge id="e685" source="n26" target="n27">
      <data key="key3">1</data>
      <data key="key9">1</data>
    </edge>
    <edge id="e686" source="n26" target="n28">
      <data key="key3">1</data>
      <data key="key9">1</data>
    </edge>
    <edge id="e687" source="n26" target="n16">
      <data key="key3">2</data>
      <data key="key9">1</data>
    </edge>
    <edge id="e688" source="n26" target="n25">
      <data key="key3">2</data>
      <data key="key9">1</data>
    </edge>
    <edge id="e689" source="n26" target="n25">
      <data key="key3">3</data>
      <data key="key9">1</data>
    </edge>
    <edge id="e690" source="n27" target="n1">
      <data key="key3">1</data>
      <data key="key9">1</data>
    </edge>
    <edge id="e691" source="n27" target="n3">
      <data key="key3">1</data>
      <data key="key9">1</data>
    </edge>
    <edge id="e692" source="n27" target="n4">
      <data key="key3">1</data>
      <data key="key9">1</data>
    </edge>
    <edge id="e693" source="n27" target="n7">
      <data key="key3">1</data>
      <data key="key9">1</data>
    </edge>
    <edge id="e694" source="n27" target="n8">
      <data key="key3">1</data>
      <data key="key9">1</data>
    </edge>
    <edge id="e695" source="n27" target="n11">
      <data key="key3">1</data>
      <data key="key9">1</data>
    </edge>
    <edge id="e696" source="n27" target="n12">
      <data key="key3">1</data>
      <data key="key9">1</data>
    </edge>
    <edge id="e697" source="n27" target="n14">
      <data key="key3">1</data>
      <data key="key9">1</data>
    </edge>
    <edge id="e698" source="n27" target="n16">
      <data key="key3">1</data>
      <data key="key9">1</data>
    </edge>
    <edge id="e699" source="n27" target="n19">
      <data key="key3">1</data>
      <data key="key9">1</data>
    </edge>
    <edge id="e700" source="n27" target="n20">
      <data key="key3">1</data>
      <data key="key9">1</data>
    </edge>
    <edge id="e701" source="n27" target="n22">
      <data key="key3">1</data>
      <data key="key9">1</data>
    </edge>
    <edge id="e702" source="n27" target="n23">
      <data key="key3">1</data>
      <data key="key9">1</data>
    </edge>
    <edge id="e703" source="n27" target="n25">
      <data key="key3">1</data>
      <data key="key9">1</data>
    </edge>
    <edge id="e704" source="n27" target="n26">
      <data key="key3">1</data>
      <data key="key9">1</data>
    </edge>
    <edge id="e705" source="n27" target="n28">
      <data key="key3">1</data>
      <data key="key9">1</data>
    </edge>
    <edge id="e706" source="n27" target="n8">
      <data key="key3">2</data>
      <data key="key9">1</data>
    </edge>
    <edge id="e707" source="n27" target="n12">
      <data key="key3">2</data>
      <data key="key9">1</data>
    </edge>
    <edge id="e708" source="n27" target="n14">
      <data key="key3">2</data>
      <data key="key9">1</data>
    </edge>
    <edge id="e709" source="n27" target="n22">
      <data key="key3">2</data>
      <data key="key9">1</data>
    </edge>
    <edge id="e710" source="n27" target="n23">
      <data key="key3">2</data>
      <data key="key9">1</data>
    </edge>
    <edge id="e711" source="n27" target="n28">
      <data key="key3">2</data>
      <data key="key9">1</data>
    </edge>
    <edge id="e712" source="n27" target="n12">
      <data key="key3">3</data>
      <data key="key9">1</data>
    </edge>
    <edge id="e713" source="n27" target="n14">
      <data key="key3">3</data>
      <data key="key9">1</data>
    </edge>
    <edge id="e714" source="n27" target="n22">
      <data key="key3">3</data>
      <data key="key9">1</data>
    </edge>
    <edge id="e715" source="n27" target="n23">
      <data key="key3">3</data>
      <data key="key9">1</data>
    </edge>
    <edge id="e716" source="n27" target="n25">
      <data key="key3">3</data>
      <data key="key9">1</data>
    </edge>
    <edge id="e717" source="n27" target="n26">
      <data key="key3">3</data>
      <data key="key9">1</data>
    </edge>
    <edge id="e718" source="n27" target="n28">
      <data key="key3">3</data>
      <data key="key9">1</data>
    </edge>
    <edge id="e719" source="n28" target="n1">
      <data key="key3">1</data>
      <data key="key9">1</data>
    </edge>
    <edge id="e720" source="n28" target="n3">
      <data key="key3">1</data>
      <data key="key9">1</data>
    </edge>
    <edge id="e721" source="n28" target="n7">
      <data key="key3">1</data>
      <data key="key9">1</data>
    </edge>
    <edge id="e722" source="n28" target="n8">
      <data key="key3">1</data>
      <data key="key9">1</data>
    </edge>
    <edge id="e723" source="n28" target="n12">
      <data key="key3">1</data>
      <data key="key9">1</data>
    </edge>
    <edge id="e724" source="n28" target="n16">
      <data key="key3">1</data>
      <data key="key9">1</data>
    </edge>
    <edge id="e725" source="n28" target="n22">
      <data key="key3">1</data>
      <data key="key9">1</data>
    </edge>
    <edge id="e726" source="n28" target="n23">
      <data key="key3">1</data>
      <data key="key9">1</data>
    </edge>
    <edge id="e727" source="n28" target="n25">
      <data key="key3">1</data>
      <data key="key9">1</data>
    </edge>
    <edge id="e728" source="n28" target="n26">
      <data key="key3">1</data>
      <data key="key9">1</data>
    </edge>
    <edge id="e729" source="n28" target="n27">
      <data key="key3">1</data>
      <data key="key9">1</data>
    </edge>
    <edge id="e730" source="n28" target="n12">
      <data key="key3">2</data>
      <data key="key9">1</data>
    </edge>
    <edge id="e731" source="n28" target="n22">
      <data key="key3">2</data>
      <data key="key9">1</data>
    </edge>
    <edge id="e732" source="n28" target="n23">
      <data key="key3">2</data>
      <data key="key9">1</data>
    </edge>
    <edge id="e733" source="n28" target="n26">
      <data key="key3">2</data>
      <data key="key9">1</data>
    </edge>
    <edge id="e734" source="n28" target="n27">
      <data key="key3">2</data>
      <data key="key9">1</data>
    </edge>
    <edge id="e735" source="n28" target="n12">
      <data key="key3">3</data>
      <data key="key9">1</data>
    </edge>
    <edge id="e736" source="n28" target="n22">
      <data key="key3">3</data>
      <data key="key9">1</data>
    </edge>
    <edge id="e737" source="n28" target="n23">
      <data key="key3">3</data>
      <data key="key9">1</data>
    </edge>
    <edge id="e738" source="n28" target="n26">
      <data key="key3">3</data>
      <data key="key9">1</data>
    </edge>
    <edge id="e739" source="n28" target="n27">
      <data key="key3">3</data>
      <data key="key9">1</data>
    </edge>

  </graph>
</graphml>
