<?xml version="1.0" encoding="UTF-8"?>
<graphml xmlns="http://graphml.graphdrawing.org/xmlns"
         xmlns:xsi="http://www.w3.org/2001/XMLSchema-instance"
         xsi:schemaLocation="http://graphml.graphdrawing.org/xmlns http://graphml.graphdrawing.org/xmlns/1.0/graphml.xsd">

  <!-- property keys -->
  <key id="key0" for="node" attr.name="_pos" attr.type="vector_float" />
  <key id="key1" for="graph" attr.name="citation" attr.type="string" />
  <key id="key2" for="graph" attr.name="description" attr.type="string" />
  <key id="key3" for="graph" attr.name="konect_meta" attr.type="string" />
  <key id="key4" for="graph" attr.name="konect_readme" attr.type="string" />
  <key id="key5" for="graph" attr.name="name" attr.type="string" />
  <key id="key6" for="graph" attr.name="tags" attr.type="vector_string" />
  <key id="key7" for="graph" attr.name="url" attr.type="string" />

  <graph id="G" edgedefault="directed" parse.nodeids="canonical" parse.edgeids="canonical" parse.order="nodesfirst">

   <!-- graph properties -->
   <data key="key1">[&apos;G. Schwimmer, &quot;Exchange in the social structure of the Orokaiva.&quot; St. Martin\&apos;s Press (1973), https://open.library.ubc.ca/cIRcle/collections/ubctheses/831/items/1.0102239&apos;]</data>
   <data key="key2">A network of gift-giving relationships (taro exchange) among households in a Papuan village. Data collected by survey c.1970.</data>
   <data key="key3">category: HumanSocial
code: MT
name: Taro exchange
description: Household–household gift-givings
entity-names: household
extr: moreno
url: http://moreno.ss.uci.edu/data.html#taro
long-description: This undirected network contains gift-givings (taro) between households in a Papuan village. A node represents a household and an edge between two households indicates that there happened a gift-giving.
relationship-names: gift-giving
cite: konect:hage,konect:schwimmer
</data>
   <data key="key4">Taro exchange network, part of the Koblenz Network Collection
===========================================================================

This directory contains the TSV and related files of the moreno_taro network: This undirected network contains gift-givings (taro) between households in a Papuan village. A node represents a household and an edge between two households indicates that there happened a gift-giving.


More information about the network is provided here: 
http://konect.cc/networks/moreno_taro

Files: 
    meta.moreno_taro -- Metadata about the network 
    out.moreno_taro -- The adjacency matrix of the network in whitespace-separated values format, with one edge per line
      The meaning of the columns in out.moreno_taro are: 
        First column: ID of from node 
        Second column: ID of to node
        Third column (if present): weight or multiplicity of edge
        Fourth column (if present):  timestamp of edges Unix time


Use the following References for citation:

@MISC{konect:2017:moreno_taro,
    title = {Taro exchange network dataset -- {KONECT}},
    month = oct,
    year = {2017},
    url = {http://konect.cc/networks/moreno_taro}
}

@book{konect:hage,
	title = {Structural Models in Anthropology},
	author = {Hage, Per and Harary, Frank},
	year = {1983},
	publisher = {Cambridge Univ. Press}
}

@book{konect:schwimmer,
	title = {Exchange in the Social Structure of the Orokaiva: Traditional
                  and Emergent Ideologies in the Northern District of
                  {Papua}}, 
	author = {Schwimmer, Eric},
	year = {1973},
	publisher = {St. Martin&apos;s Press}
}

@book{konect:hage,
	title = {Structural Models in Anthropology},
	author = {Hage, Per and Harary, Frank},
	year = {1983},
	publisher = {Cambridge Univ. Press}
}

@book{konect:schwimmer,
	title = {Exchange in the Social Structure of the Orokaiva: Traditional
                  and Emergent Ideologies in the Northern District of
                  {Papua}}, 
	author = {Schwimmer, Eric},
	year = {1973},
	publisher = {St. Martin&apos;s Press}
}


@inproceedings{konect,
	title = {{KONECT} -- {The} {Koblenz} {Network} {Collection}},
	author = {Jérôme Kunegis},
	year = {2013},
	booktitle = {Proc. Int. Conf. on World Wide Web Companion},
	pages = {1343--1350},
	url = {http://dl.acm.org/citation.cfm?id=2488173},
	url_presentation = {https://www.slideshare.net/kunegis/presentationwow},
	url_web = {http://konect.cc/},
	url_citations = {https://scholar.google.com/scholar?cites=7174338004474749050},
}

@inproceedings{konect,
	title = {{KONECT} -- {The} {Koblenz} {Network} {Collection}},
	author = {Jérôme Kunegis},
	year = {2013},
	booktitle = {Proc. Int. Conf. on World Wide Web Companion},
	pages = {1343--1350},
	url = {http://dl.acm.org/citation.cfm?id=2488173},
	url_presentation = {https://www.slideshare.net/kunegis/presentationwow},
	url_web = {http://konect.cc/},
	url_citations = {https://scholar.google.com/scholar?cites=7174338004474749050},
}


</data>
   <data key="key5">moreno_taro</data>
   <data key="key6">Social, Offline, Unweighted</data>
   <data key="key7">http://konect.cc/networks/moreno_taro</data>

   <!-- vertices -->
    <node id="n0">
      <data key="key0">4.094649443686551, 1.9054269062223559</data>
    </node>
    <node id="n1">
      <data key="key0">3.8476704710733971, 1.9341263779573756</data>
    </node>
    <node id="n2">
      <data key="key0">4.261738447502581, 2.1734595487864352</data>
    </node>
    <node id="n3">
      <data key="key0">4.0751605787945664, 2.2169511179226498</data>
    </node>
    <node id="n4">
      <data key="key0">3.737623424266669, 2.1642550798711153</data>
    </node>
    <node id="n5">
      <data key="key0">3.8920626000305663, 2.3996443276361403</data>
    </node>
    <node id="n6">
      <data key="key0">3.9853381153810847, 2.5573996207640262</data>
    </node>
    <node id="n7">
      <data key="key0">4.1150308081565647, 2.7861930621655682</data>
    </node>
    <node id="n8">
      <data key="key0">4.5737589233226537, 2.0884948222932143</data>
    </node>
    <node id="n9">
      <data key="key0">4.6926565989144278, 2.2167121345923664</data>
    </node>
    <node id="n10">
      <data key="key0">4.2969634790155187, 3.1493855672464717</data>
    </node>
    <node id="n11">
      <data key="key0">4.4163497561317264, 2.5709163395252546</data>
    </node>
    <node id="n12">
      <data key="key0">4.3855668898690077, 2.8120034917929839</data>
    </node>
    <node id="n13">
      <data key="key0">4.5961247871392903, 3.2947331398657131</data>
    </node>
    <node id="n14">
      <data key="key0">4.561805008764841, 3.0029445824532308</data>
    </node>
    <node id="n15">
      <data key="key0">4.9073909616766143, 3.1795552955763648</data>
    </node>
    <node id="n16">
      <data key="key0">4.6668437605233475, 2.5141854306575091</data>
    </node>
    <node id="n17">
      <data key="key0">4.7864501477382415, 2.8710189305153677</data>
    </node>
    <node id="n18">
      <data key="key0">4.4096674477590954, 2.3296523563676574</data>
    </node>
    <node id="n19">
      <data key="key0">5.0679069506286218, 2.9384354265285411</data>
    </node>
    <node id="n20">
      <data key="key0">4.8820217671565382, 2.6735590184672131</data>
    </node>
    <node id="n21">
      <data key="key0">4.2166022284221141, 2.4972315920713424</data>
    </node>

   <!-- edges -->
    <edge id="e0" source="n0" target="n1">
    </edge>
    <edge id="e1" source="n0" target="n2">
    </edge>
    <edge id="e2" source="n0" target="n3">
    </edge>
    <edge id="e3" source="n1" target="n0">
    </edge>
    <edge id="e4" source="n1" target="n4">
    </edge>
    <edge id="e5" source="n1" target="n3">
    </edge>
    <edge id="e6" source="n2" target="n0">
    </edge>
    <edge id="e7" source="n2" target="n5">
    </edge>
    <edge id="e8" source="n2" target="n6">
    </edge>
    <edge id="e9" source="n2" target="n8">
    </edge>
    <edge id="e10" source="n2" target="n9">
    </edge>
    <edge id="e11" source="n3" target="n0">
    </edge>
    <edge id="e12" source="n3" target="n1">
    </edge>
    <edge id="e13" source="n3" target="n4">
    </edge>
    <edge id="e14" source="n3" target="n11">
    </edge>
    <edge id="e15" source="n3" target="n18">
    </edge>
    <edge id="e16" source="n3" target="n21">
    </edge>
    <edge id="e17" source="n4" target="n1">
    </edge>
    <edge id="e18" source="n4" target="n5">
    </edge>
    <edge id="e19" source="n4" target="n3">
    </edge>
    <edge id="e20" source="n5" target="n4">
    </edge>
    <edge id="e21" source="n5" target="n2">
    </edge>
    <edge id="e22" source="n5" target="n6">
    </edge>
    <edge id="e23" source="n5" target="n7">
    </edge>
    <edge id="e24" source="n6" target="n5">
    </edge>
    <edge id="e25" source="n6" target="n2">
    </edge>
    <edge id="e26" source="n6" target="n7">
    </edge>
    <edge id="e27" source="n7" target="n5">
    </edge>
    <edge id="e28" source="n7" target="n6">
    </edge>
    <edge id="e29" source="n7" target="n10">
    </edge>
    <edge id="e30" source="n7" target="n11">
    </edge>
    <edge id="e31" source="n7" target="n12">
    </edge>
    <edge id="e32" source="n8" target="n2">
    </edge>
    <edge id="e33" source="n8" target="n16">
    </edge>
    <edge id="e34" source="n8" target="n9">
    </edge>
    <edge id="e35" source="n9" target="n2">
    </edge>
    <edge id="e36" source="n9" target="n16">
    </edge>
    <edge id="e37" source="n9" target="n8">
    </edge>
    <edge id="e38" source="n10" target="n7">
    </edge>
    <edge id="e39" source="n10" target="n13">
    </edge>
    <edge id="e40" source="n10" target="n14">
    </edge>
    <edge id="e41" source="n11" target="n7">
    </edge>
    <edge id="e42" source="n11" target="n20">
    </edge>
    <edge id="e43" source="n11" target="n3">
    </edge>
    <edge id="e44" source="n12" target="n7">
    </edge>
    <edge id="e45" source="n12" target="n17">
    </edge>
    <edge id="e46" source="n12" target="n21">
    </edge>
    <edge id="e47" source="n13" target="n10">
    </edge>
    <edge id="e48" source="n13" target="n14">
    </edge>
    <edge id="e49" source="n13" target="n15">
    </edge>
    <edge id="e50" source="n14" target="n10">
    </edge>
    <edge id="e51" source="n14" target="n13">
    </edge>
    <edge id="e52" source="n14" target="n16">
    </edge>
    <edge id="e53" source="n15" target="n13">
    </edge>
    <edge id="e54" source="n15" target="n17">
    </edge>
    <edge id="e55" source="n15" target="n19">
    </edge>
    <edge id="e56" source="n16" target="n14">
    </edge>
    <edge id="e57" source="n16" target="n17">
    </edge>
    <edge id="e58" source="n16" target="n18">
    </edge>
    <edge id="e59" source="n16" target="n8">
    </edge>
    <edge id="e60" source="n16" target="n9">
    </edge>
    <edge id="e61" source="n17" target="n16">
    </edge>
    <edge id="e62" source="n17" target="n15">
    </edge>
    <edge id="e63" source="n17" target="n19">
    </edge>
    <edge id="e64" source="n17" target="n20">
    </edge>
    <edge id="e65" source="n17" target="n12">
    </edge>
    <edge id="e66" source="n18" target="n16">
    </edge>
    <edge id="e67" source="n18" target="n3">
    </edge>
    <edge id="e68" source="n18" target="n21">
    </edge>
    <edge id="e69" source="n19" target="n17">
    </edge>
    <edge id="e70" source="n19" target="n15">
    </edge>
    <edge id="e71" source="n19" target="n20">
    </edge>
    <edge id="e72" source="n20" target="n17">
    </edge>
    <edge id="e73" source="n20" target="n19">
    </edge>
    <edge id="e74" source="n20" target="n11">
    </edge>
    <edge id="e75" source="n21" target="n3">
    </edge>
    <edge id="e76" source="n21" target="n18">
    </edge>
    <edge id="e77" source="n21" target="n12">
    </edge>

  </graph>
</graphml>
