<?xml version="1.0" encoding="UTF-8"?>
<graphml xmlns="http://graphml.graphdrawing.org/xmlns"
         xmlns:xsi="http://www.w3.org/2001/XMLSchema-instance"
         xsi:schemaLocation="http://graphml.graphdrawing.org/xmlns http://graphml.graphdrawing.org/xmlns/1.0/graphml.xsd">

  <!-- property keys -->
  <key id="key0" for="node" attr.name="_pos" attr.type="vector_float" />
  <key id="key1" for="graph" attr.name="citation" attr.type="string" />
  <key id="key2" for="graph" attr.name="description" attr.type="string" />
  <key id="key3" for="node" attr.name="name" attr.type="string" />
  <key id="key4" for="graph" attr.name="name" attr.type="string" />
  <key id="key5" for="graph" attr.name="tags" attr.type="vector_string" />
  <key id="key6" for="graph" attr.name="url" attr.type="string" />

  <graph id="G" edgedefault="directed" parse.nodeids="canonical" parse.edgeids="canonical" parse.order="nodesfirst">

   <!-- graph properties -->
   <data key="key1">[&apos;L. Gerdes, K. Ringler, and B. Autin, &quot;Assessing the Abu Sayyaf Group\&apos;s Strategic and Learning Capacities.&quot; Studies in Conflict &amp; Terrorism 37(3), 267-293 (2014), http://www.tandfonline.com/doi/abs/10.1080/1057610x.2014.872021&apos;]</data>
   <data key="key2">Bipartite network of members of the Abu Sayyaf Group in the Philippines, and the kidnapping events they were involved in.</data>
   <data key="key4">kidnappings</data>
   <data key="key5">Social, Offline, Unweighted</data>
   <data key="key6">https://sites.google.com/site/ucinetsoftware/datasets/covert-networks/philippinekidnappings</data>

   <!-- vertices -->
    <node id="n0">
      <data key="key0">4.6972123119987765, -2.0472666009747278</data>
      <data key="key3">E1</data>
    </node>
    <node id="n1">
      <data key="key0">4.4480666117258103, -2.9722362441892711</data>
      <data key="key3">E2</data>
    </node>
    <node id="n2">
      <data key="key0">2.6345862021557966, -4.9096732547488591</data>
      <data key="key3">E3</data>
    </node>
    <node id="n3">
      <data key="key0">4.2868671783753234, -2.2461197095250371</data>
      <data key="key3">E4</data>
    </node>
    <node id="n4">
      <data key="key0">3.426722355380158, -5.1376137404564988</data>
      <data key="key3">E5</data>
    </node>
    <node id="n5">
      <data key="key0">2.6179982176390268, -3.3220071906441073</data>
      <data key="key3">E6</data>
    </node>
    <node id="n6">
      <data key="key0">2.954421386965703, -4.6372770821148777</data>
      <data key="key3">E7</data>
    </node>
    <node id="n7">
      <data key="key0">3.8833080743491837, -2.4727540592847159</data>
      <data key="key3">E8</data>
    </node>
    <node id="n8">
      <data key="key0">2.8562705327627631, -2.7739500688361152</data>
      <data key="key3">E9</data>
    </node>
    <node id="n9">
      <data key="key0">2.8780232787842146, -3.0279987850621635</data>
      <data key="key3">E10</data>
    </node>
    <node id="n10">
      <data key="key0">3.5295153858910773, -3.3033021795519568</data>
      <data key="key3">E11</data>
    </node>
    <node id="n11">
      <data key="key0">3.5330841252628269, -2.2964474764557705</data>
      <data key="key3">E12</data>
    </node>
    <node id="n12">
      <data key="key0">6.1814558244570659, 3.7851627313077545</data>
      <data key="key3">E13</data>
    </node>
    <node id="n13">
      <data key="key0">2.1114752049590866, -2.7722874546665999</data>
      <data key="key3">E14</data>
    </node>
    <node id="n14">
      <data key="key0">3.326217139677663, -5.5082268844895488</data>
      <data key="key3">E15</data>
    </node>
    <node id="n15">
      <data key="key0">3.7435244923373521, -6.1430075402533451</data>
      <data key="key3">E16</data>
    </node>
    <node id="n16">
      <data key="key0">0.76632079387930085, 0.24152823424188241</data>
      <data key="key3">E17</data>
    </node>
    <node id="n17">
      <data key="key0">-1.1952940783262538, -0.285786637751968</data>
      <data key="key3">E18</data>
    </node>
    <node id="n18">
      <data key="key0">1.6810787333482182, -1.6986121976574498</data>
      <data key="key3">E19</data>
    </node>
    <node id="n19">
      <data key="key0">0.65284792107116352, -0.78627081806315446</data>
      <data key="key3">E20</data>
    </node>
    <node id="n20">
      <data key="key0">0.50098929669611914, 1.7915679404414757</data>
      <data key="key3">E21</data>
    </node>
    <node id="n21">
      <data key="key0">7.0218376650513505, -1.1249062078348682</data>
      <data key="key3">E22</data>
    </node>
    <node id="n22">
      <data key="key0">1.4057670801696527, -2.3412768198907981</data>
      <data key="key3">E23</data>
    </node>
    <node id="n23">
      <data key="key0">-0.84980078306782358, 1.6941321202335431</data>
      <data key="key3">E24</data>
    </node>
    <node id="n24">
      <data key="key0">2.4987297911402893, -2.7678796867177797</data>
      <data key="key3">E25</data>
    </node>
    <node id="n25">
      <data key="key0">1.5836652853672921, -1.0474423815760516</data>
      <data key="key3">E26</data>
    </node>
    <node id="n26">
      <data key="key0">3.6083152129385976, -1.4411988594497152</data>
      <data key="key3">E27</data>
    </node>
    <node id="n27">
      <data key="key0">2.1096328125657853, -2.312102945332438</data>
      <data key="key3">E28</data>
    </node>
    <node id="n28">
      <data key="key0">2.3359709128309287, -3.2034386312244187</data>
      <data key="key3">E29</data>
    </node>
    <node id="n29">
      <data key="key0">4.5065699757863307, -1.3419493372028812</data>
      <data key="key3">E30</data>
    </node>
    <node id="n30">
      <data key="key0">1.8295202730872613, -2.9704250707367428</data>
      <data key="key3">E31</data>
    </node>
    <node id="n31">
      <data key="key0">2.7108694304057375, -1.629428442184423</data>
      <data key="key3">E32</data>
    </node>
    <node id="n32">
      <data key="key0">1.6607236147096234, -2.3257122354459701</data>
      <data key="key3">E33</data>
    </node>
    <node id="n33">
      <data key="key0">4.7432330135014107, -0.66420620960173327</data>
      <data key="key3">E34</data>
    </node>
    <node id="n34">
      <data key="key0">3.6581993936965738, -0.55833012632800472</data>
      <data key="key3">E35</data>
    </node>
    <node id="n35">
      <data key="key0">-0.12941768190208341, 2.0348415517444054</data>
      <data key="key3">E36</data>
    </node>
    <node id="n36">
      <data key="key0">3.0017247403730556, -2.1402199277300245</data>
      <data key="key3">E37</data>
    </node>
    <node id="n37">
      <data key="key0">7.4855455424643758, -0.25431827065351592</data>
      <data key="key3">E38</data>
    </node>
    <node id="n38">
      <data key="key0">4.4854475146668324, -0.76525292913201426</data>
      <data key="key3">E39</data>
    </node>
    <node id="n39">
      <data key="key0">4.7875685620926332, 4.7590277278069051</data>
      <data key="key3">E40</data>
    </node>
    <node id="n40">
      <data key="key0">2.5739470624592857, -1.3953055511768635</data>
      <data key="key3">E41</data>
    </node>
    <node id="n41">
      <data key="key0">2.3690761076211597, -1.529594662749534</data>
      <data key="key3">E42</data>
    </node>
    <node id="n42">
      <data key="key0">1.7432210787345792, -1.2626612469293572</data>
      <data key="key3">E43</data>
    </node>
    <node id="n43">
      <data key="key0">1.3537186505292564, -2.0740658911511094</data>
      <data key="key3">E44</data>
    </node>
    <node id="n44">
      <data key="key0">-1.0859768077700656, -1.6332343430272556</data>
      <data key="key3">E45</data>
    </node>
    <node id="n45">
      <data key="key0">5.0786772389966526, 3.8011220335091691</data>
      <data key="key3">E46</data>
    </node>
    <node id="n46">
      <data key="key0">2.5124072854503972, -0.89182241454420441</data>
      <data key="key3">E47</data>
    </node>
    <node id="n47">
      <data key="key0">5.0606733495404912, 2.4481126018021517</data>
      <data key="key3">E48</data>
    </node>
    <node id="n48">
      <data key="key0">-0.78160210668650709, -3.4401799398978095</data>
      <data key="key3">E49</data>
    </node>
    <node id="n49">
      <data key="key0">7.7566812985142217, 0.43723266416981871</data>
      <data key="key3">E50</data>
    </node>
    <node id="n50">
      <data key="key0">-1.801550720674884, 1.0155453699023766</data>
      <data key="key3">E51</data>
    </node>
    <node id="n51">
      <data key="key0">6.6963307304626847, 0.80131652203444426</data>
      <data key="key3">E52</data>
    </node>
    <node id="n52">
      <data key="key0">0.92738054367422951, 2.0241766737631757</data>
      <data key="key3">E53</data>
    </node>
    <node id="n53">
      <data key="key0">0.15089780940820041, 2.6863460866888005</data>
      <data key="key3">E54</data>
    </node>
    <node id="n54">
      <data key="key0">1.8229348884323779, -0.36569172766666425</data>
      <data key="key3">E55</data>
    </node>
    <node id="n55">
      <data key="key0">6.1661893282542231, 1.989853471283048</data>
      <data key="key3">E56</data>
    </node>
    <node id="n56">
      <data key="key0">0.57294016517691537, 3.3946644771444836</data>
      <data key="key3">E57</data>
    </node>
    <node id="n57">
      <data key="key0">1.4894257188288982, 0.39300476147338947</data>
      <data key="key3">E58</data>
    </node>
    <node id="n58">
      <data key="key0">1.3238046656638269, 0.14024742005057497</data>
      <data key="key3">E59</data>
    </node>
    <node id="n59">
      <data key="key0">1.8393076063390041, 0.57195905134276759</data>
      <data key="key3">E60</data>
    </node>
    <node id="n60">
      <data key="key0">0.70347439782343124, 3.2348210746217476</data>
      <data key="key3">E61</data>
    </node>
    <node id="n61">
      <data key="key0">0.27051834705943939, 2.0786822720271898</data>
      <data key="key3">E62</data>
    </node>
    <node id="n62">
      <data key="key0">0.48773959750908519, 2.8729000255379313</data>
      <data key="key3">E63</data>
    </node>
    <node id="n63">
      <data key="key0">1.5810445182175239, 0.68278552272805215</data>
      <data key="key3">E64</data>
    </node>
    <node id="n64">
      <data key="key0">2.3662540583402558, -0.14781263638806635</data>
      <data key="key3">E65</data>
    </node>
    <node id="n65">
      <data key="key0">0.57026375607153279, 3.1083128812377581</data>
      <data key="key3">E66</data>
    </node>
    <node id="n66">
      <data key="key0">4.7056854999221622, -2.4712015542139039</data>
      <data key="key3">E67</data>
    </node>
    <node id="n67">
      <data key="key0">1.239454314491568, 0.37749467638978379</data>
      <data key="key3">E68</data>
    </node>
    <node id="n68">
      <data key="key0">2.206927094937353, 0.65419798214705327</data>
      <data key="key3">E69</data>
    </node>
    <node id="n69">
      <data key="key0">-1.8927460605816979, -1.9370787941177225</data>
      <data key="key3">E70</data>
    </node>
    <node id="n70">
      <data key="key0">0.33232379220410702, 3.0314815088369453</data>
      <data key="key3">E71</data>
    </node>
    <node id="n71">
      <data key="key0">-0.13965018919506728, 2.9485948951451149</data>
      <data key="key3">E72</data>
    </node>
    <node id="n72">
      <data key="key0">2.3172212515220676, 2.9876098089251091</data>
      <data key="key3">E73</data>
    </node>
    <node id="n73">
      <data key="key0">1.451799632249273, -0.28515180069898999</data>
      <data key="key3">E74</data>
    </node>
    <node id="n74">
      <data key="key0">0.54910066124806856, 2.7213138460978676</data>
      <data key="key3">E75</data>
    </node>
    <node id="n75">
      <data key="key0">-0.062097549448707184, -3.9705135996710381</data>
      <data key="key3">E76</data>
    </node>
    <node id="n76">
      <data key="key0">-1.1102744679336787, 2.8377605475600074</data>
      <data key="key3">E77</data>
    </node>
    <node id="n77">
      <data key="key0">0.17560289517691008, 2.8630603365053098</data>
      <data key="key3">E78</data>
    </node>
    <node id="n78">
      <data key="key0">1.1988919938362332, -1.3738301687648147</data>
      <data key="key3">E79</data>
    </node>
    <node id="n79">
      <data key="key0">-1.0142762507083329, -2.538749843411547</data>
      <data key="key3">E80</data>
    </node>
    <node id="n80">
      <data key="key0">0.91819244724038651, 4.0550913906746775</data>
      <data key="key3">E81</data>
    </node>
    <node id="n81">
      <data key="key0">3.8955335421402584, 3.5948756246640459</data>
      <data key="key3">E82</data>
    </node>
    <node id="n82">
      <data key="key0">4.6136355275941501, 0.71053400566854297</data>
      <data key="key3">E83</data>
    </node>
    <node id="n83">
      <data key="key0">-0.17951032256611846, 4.1494797582979004</data>
      <data key="key3">E84</data>
    </node>
    <node id="n84">
      <data key="key0">1.3860677853570191, 3.3865299671786135</data>
      <data key="key3">E85</data>
    </node>
    <node id="n85">
      <data key="key0">1.2378010472441794, 3.0823338851306379</data>
      <data key="key3">E86</data>
    </node>
    <node id="n86">
      <data key="key0">0.16782854208716341, -1.4920108045484619</data>
      <data key="key3">E87</data>
    </node>
    <node id="n87">
      <data key="key0">-2.1289127236152487, -0.91729723451822243</data>
      <data key="key3">E88</data>
    </node>
    <node id="n88">
      <data key="key0">1.0250336316407367, 3.264653945814239</data>
      <data key="key3">E89</data>
    </node>
    <node id="n89">
      <data key="key0">1.1372813626440117, 2.833551507370804</data>
      <data key="key3">E90</data>
    </node>
    <node id="n90">
      <data key="key0">1.0663178000775893, 2.5373877002022152</data>
      <data key="key3">E91</data>
    </node>
    <node id="n91">
      <data key="key0">7.5000156193392762, -1.7091224219559114</data>
      <data key="key3">E92</data>
    </node>
    <node id="n92">
      <data key="key0">4.1374350596489862, 4.2995932929013305</data>
      <data key="key3">E93</data>
    </node>
    <node id="n93">
      <data key="key0">-0.25227638887077425, 3.5206763506173115</data>
      <data key="key3">E94</data>
    </node>
    <node id="n94">
      <data key="key0">6.8893342859499933, -2.8021517991063276</data>
      <data key="key3">E95</data>
    </node>
    <node id="n95">
      <data key="key0">7.3185008869382706, 1.6974929079736389</data>
      <data key="key3">E96</data>
    </node>
    <node id="n96">
      <data key="key0">3.2155621121523277, 4.914285223760424</data>
      <data key="key3">E97</data>
    </node>
    <node id="n97">
      <data key="key0">6.247355932996463, 2.7064995163731149</data>
      <data key="key3">E98</data>
    </node>
    <node id="n98">
      <data key="key0">-2.1713207832898083, 0.044558988861947799</data>
      <data key="key3">E99</data>
    </node>
    <node id="n99">
      <data key="key0">6.1831115538723198, 2.5685236860055904</data>
      <data key="key3">E100</data>
    </node>
    <node id="n100">
      <data key="key0">2.4292686814292579, 2.0148880294341804</data>
      <data key="key3">E101</data>
    </node>
    <node id="n101">
      <data key="key0">1.3680902434940514, 2.7453169446745682</data>
      <data key="key3">E102</data>
    </node>
    <node id="n102">
      <data key="key0">4.4063869694307938, 2.9322566974407036</data>
      <data key="key3">E103</data>
    </node>
    <node id="n103">
      <data key="key0">1.8073589824245582, 1.7400465120497766</data>
      <data key="key3">E104</data>
    </node>
    <node id="n104">
      <data key="key0">0.25381702245621923, -1.8048407718636958</data>
      <data key="key3">E105</data>
    </node>
    <node id="n105">
      <data key="key0">1.8936141801494224, -1.9157553667733003</data>
      <data key="key3">N1</data>
    </node>
    <node id="n106">
      <data key="key0">1.3989567131739475, -2.601294159292046</data>
      <data key="key3">N2</data>
    </node>
    <node id="n107">
      <data key="key0">2.3528828106073627, -2.5140390821739782</data>
      <data key="key3">N3</data>
    </node>
    <node id="n108">
      <data key="key0">4.7530909431272725, -1.3578908718681129</data>
      <data key="key3">N4</data>
    </node>
    <node id="n109">
      <data key="key0">4.3968225857063015, -2.5123835408561663</data>
      <data key="key3">N5</data>
    </node>
    <node id="n110">
      <data key="key0">3.3405111088921267, -2.9081176414036878</data>
      <data key="key3">N6</data>
    </node>
    <node id="n111">
      <data key="key0">4.1483173132114297, -2.5880870358819372</data>
      <data key="key3">N7</data>
    </node>
    <node id="n112">
      <data key="key0">4.0729124150259901, -2.9205677276023962</data>
      <data key="key3">N8</data>
    </node>
    <node id="n113">
      <data key="key0">4.2257412287036065, -1.7146034986484389</data>
      <data key="key3">N9</data>
    </node>
    <node id="n114">
      <data key="key0">2.068120169340276, -1.1224819026363286</data>
      <data key="key3">N10</data>
    </node>
    <node id="n115">
      <data key="key0">2.3657441036096865, -4.7729936629517056</data>
      <data key="key3">N11</data>
    </node>
    <node id="n116">
      <data key="key0">2.4013847613034929, -5.2541763914672481</data>
      <data key="key3">N12</data>
    </node>
    <node id="n117">
      <data key="key0">3.7416149203208326, -1.6755589782152966</data>
      <data key="key3">N13</data>
    </node>
    <node id="n118">
      <data key="key0">2.2549908501190434, -5.0372921390001189</data>
      <data key="key3">N14</data>
    </node>
    <node id="n119">
      <data key="key0">2.8156947626164461, -5.1525608372206442</data>
      <data key="key3">N15</data>
    </node>
    <node id="n120">
      <data key="key0">2.6422118651450601, -5.3475674467387231</data>
      <data key="key3">N16</data>
    </node>
    <node id="n121">
      <data key="key0">2.5286650953955796, -3.7477200222891867</data>
      <data key="key3">N17</data>
    </node>
    <node id="n122">
      <data key="key0">3.336185061518127, -0.99662159041253329</data>
      <data key="key3">N18</data>
    </node>
    <node id="n123">
      <data key="key0">2.778927061542956, -2.5829752015402105</data>
      <data key="key3">N19</data>
    </node>
    <node id="n124">
      <data key="key0">2.8017929102994805, -3.7180374121159763</data>
      <data key="key3">N20</data>
    </node>
    <node id="n125">
      <data key="key0">5.0208783437923241, -1.763558167845799</data>
      <data key="key3">N21</data>
    </node>
    <node id="n126">
      <data key="key0">3.6372842313563494, -1.9454788168722263</data>
      <data key="key3">N22</data>
    </node>
    <node id="n127">
      <data key="key0">3.9821055222848254, -1.2603592527792025</data>
      <data key="key3">N23</data>
    </node>
    <node id="n128">
      <data key="key0">2.920594065423169, -3.4097644529117574</data>
      <data key="key3">N24</data>
    </node>
    <node id="n129">
      <data key="key0">3.1558273495732343, -3.3473679395229383</data>
      <data key="key3">N25</data>
    </node>
    <node id="n130">
      <data key="key0">3.5365996387306393, -2.652010456170963</data>
      <data key="key3">N26</data>
    </node>
    <node id="n131">
      <data key="key0">3.8293468007985578, -1.5403700664095443</data>
      <data key="key3">N27</data>
    </node>
    <node id="n132">
      <data key="key0">5.9997389353859756, 3.9773377158020895</data>
      <data key="key3">N28</data>
    </node>
    <node id="n133">
      <data key="key0">1.0812868362678854, -0.77135401867646103</data>
      <data key="key3">N29</data>
    </node>
    <node id="n134">
      <data key="key0">0.39252571871128888, 0.32149604163518458</data>
      <data key="key3">N30</data>
    </node>
    <node id="n135">
      <data key="key0">1.3199954879415414, -1.7699335740272346</data>
      <data key="key3">N31</data>
    </node>
    <node id="n136">
      <data key="key0">2.1567898812162793, -1.9136985693254471</data>
      <data key="key3">N32</data>
    </node>
    <node id="n137">
      <data key="key0">-1.2640746160284915, -0.55027981460057585</data>
      <data key="key3">N33</data>
    </node>
    <node id="n138">
      <data key="key0">-1.1321930194629783, -0.024588818235737057</data>
      <data key="key3">N34</data>
    </node>
    <node id="n139">
      <data key="key0">7.1461922285097366, -0.89578463725219215</data>
      <data key="key3">N35</data>
    </node>
    <node id="n140">
      <data key="key0">3.9667233217291051, -1.118300293852978</data>
      <data key="key3">N36</data>
    </node>
    <node id="n141">
      <data key="key0">1.860056341727367, 0.18932952838325431</data>
      <data key="key3">N37</data>
    </node>
    <node id="n142">
      <data key="key0">4.2300791424398554, 0.20563755086237984</data>
      <data key="key3">N38</data>
    </node>
    <node id="n143">
      <data key="key0">3.8670062673192986, -0.72652555138035235</data>
      <data key="key3">N39</data>
    </node>
    <node id="n144">
      <data key="key0">3.9678733471714827, 0.15062849331123687</data>
      <data key="key3">N40</data>
    </node>
    <node id="n145">
      <data key="key0">2.6358495344763195, 0.51698582004093296</data>
      <data key="key3">N41</data>
    </node>
    <node id="n146">
      <data key="key0">4.7355392839209127, -1.0161335072973203</data>
      <data key="key3">N42</data>
    </node>
    <node id="n147">
      <data key="key0">2.9956467061525505, -1.1900860146826191</data>
      <data key="key3">N43</data>
    </node>
    <node id="n148">
      <data key="key0">4.1635683446566745, -1.120182480415524</data>
      <data key="key3">N44</data>
    </node>
    <node id="n149">
      <data key="key0">4.5363508027109285, -1.7989712565521332</data>
      <data key="key3">N45</data>
    </node>
    <node id="n150">
      <data key="key0">5.1453358509789897, -1.5753472290551664</data>
      <data key="key3">N46</data>
    </node>
    <node id="n151">
      <data key="key0">5.1340859051482557, -1.1445157991297235</data>
      <data key="key3">N47</data>
    </node>
    <node id="n152">
      <data key="key0">3.5360335965015772, -1.2743343833574778</data>
      <data key="key3">N48</data>
    </node>
    <node id="n153">
      <data key="key0">0.056386526026437421, 2.3493261792486755</data>
      <data key="key3">N49</data>
    </node>
    <node id="n154">
      <data key="key0">4.2949484047039137, -1.0248341593319361</data>
      <data key="key3">N50</data>
    </node>
    <node id="n155">
      <data key="key0">3.5750126055277844, 0.2264782438853335</data>
      <data key="key3">N51</data>
    </node>
    <node id="n156">
      <data key="key0">4.9018057391053436, -1.571956059264239</data>
      <data key="key3">N52</data>
    </node>
    <node id="n157">
      <data key="key0">4.9234998759069084, -1.1462337502783999</data>
      <data key="key3">N53</data>
    </node>
    <node id="n158">
      <data key="key0">4.8002429637099961, -1.8036834233994208</data>
      <data key="key3">N54</data>
    </node>
    <node id="n159">
      <data key="key0">4.188582931220914, -1.4712570967698648</data>
      <data key="key3">N55</data>
    </node>
    <node id="n160">
      <data key="key0">2.29369439254695, -3.5650395640666503</data>
      <data key="key3">N56</data>
    </node>
    <node id="n161">
      <data key="key0">2.0506430887964759, -3.6294807084296439</data>
      <data key="key3">N57</data>
    </node>
    <node id="n162">
      <data key="key0">2.0171228452874614, -3.3653818730080345</data>
      <data key="key3">N58</data>
    </node>
    <node id="n163">
      <data key="key0">3.097947578926465, -5.0656428350477709</data>
      <data key="key3">N59</data>
    </node>
    <node id="n164">
      <data key="key0">1.4437614602905531, -3.1333286966740972</data>
      <data key="key3">N60</data>
    </node>
    <node id="n165">
      <data key="key0">1.6058610038288392, -3.3445026870833217</data>
      <data key="key3">N61</data>
    </node>
    <node id="n166">
      <data key="key0">3.8693821407438485, -1.9242863075635535</data>
      <data key="key3">N62</data>
    </node>
    <node id="n167">
      <data key="key0">1.2411251841052404, -1.0697171313252238</data>
      <data key="key3">N63</data>
    </node>
    <node id="n168">
      <data key="key0">0.95106347111717637, -2.2167927917722756</data>
      <data key="key3">N64</data>
    </node>
    <node id="n169">
      <data key="key0">3.6028855678668172, -0.34858023343058125</data>
      <data key="key3">N65</data>
    </node>
    <node id="n170">
      <data key="key0">2.9491378543006546, -1.7148437833816301</data>
      <data key="key3">N66</data>
    </node>
    <node id="n171">
      <data key="key0">1.1793278258459674, -0.23436528457406061</data>
      <data key="key3">N67</data>
    </node>
    <node id="n172">
      <data key="key0">3.1526136512490779, -1.6295499682362105</data>
      <data key="key3">N68</data>
    </node>
    <node id="n173">
      <data key="key0">3.3626924106460017, -0.068970601749567872</data>
      <data key="key3">N69</data>
    </node>
    <node id="n174">
      <data key="key0">3.4170115007891533, -1.7290302447685335</data>
      <data key="key3">N70</data>
    </node>
    <node id="n175">
      <data key="key0">4.8159856390655644, -0.2948333123113337</data>
      <data key="key3">N71</data>
    </node>
    <node id="n176">
      <data key="key0">4.0707541130321498, -1.6220711332983146</data>
      <data key="key3">N72</data>
    </node>
    <node id="n177">
      <data key="key0">3.4156734169619916, -1.1432323070833774</data>
      <data key="key3">N73</data>
    </node>
    <node id="n178">
      <data key="key0">3.402099251206316, -1.9450492321744635</data>
      <data key="key3">N74</data>
    </node>
    <node id="n179">
      <data key="key0">3.7460311740012369, -1.1824587043501003</data>
      <data key="key3">N75</data>
    </node>
    <node id="n180">
      <data key="key0">3.6038159177737219, -1.0791040495145843</data>
      <data key="key3">N76</data>
    </node>
    <node id="n181">
      <data key="key0">3.4955052882174962, -0.94160447708388417</data>
      <data key="key3">N77</data>
    </node>
    <node id="n182">
      <data key="key0">3.7994624643570125, -0.9931560882378957</data>
      <data key="key3">N78</data>
    </node>
    <node id="n183">
      <data key="key0">3.6662468642820549, -0.89692939423905416</data>
      <data key="key3">N79</data>
    </node>
    <node id="n184">
      <data key="key0">-0.52646958372259944, 1.8223423398165073</data>
      <data key="key3">N80</data>
    </node>
    <node id="n185">
      <data key="key0">5.298103128277905, -0.48235849073533466</data>
      <data key="key3">N81</data>
    </node>
    <node id="n186">
      <data key="key0">3.0628170831882842, -1.0119421268030386</data>
      <data key="key3">N82</data>
    </node>
    <node id="n187">
      <data key="key0">4.2651720238074695, -0.43089688087984401</data>
      <data key="key3">N83</data>
    </node>
    <node id="n188">
      <data key="key0">4.9585399383755515, -0.6263025406015732</data>
      <data key="key3">N84</data>
    </node>
    <node id="n189">
      <data key="key0">4.3271983726856948, -0.64042011444801716</data>
      <data key="key3">N85</data>
    </node>
    <node id="n190">
      <data key="key0">2.1651221527656723, -1.4073869929321214</data>
      <data key="key3">N86</data>
    </node>
    <node id="n191">
      <data key="key0">5.0123333687677167, -2.9415464297081573</data>
      <data key="key3">N87</data>
    </node>
    <node id="n192">
      <data key="key0">5.1933749142056378, -2.7873097829464197</data>
      <data key="key3">N88</data>
    </node>
    <node id="n193">
      <data key="key0">5.2615249195200189, -2.5499881764668455</data>
      <data key="key3">N89</data>
    </node>
    <node id="n194">
      <data key="key0">4.9937703945180099, -2.6443269247119483</data>
      <data key="key3">N90</data>
    </node>
    <node id="n195">
      <data key="key0">0.3332757224975394, 2.4341399072274514</data>
      <data key="key3">N91</data>
    </node>
    <node id="n196">
      <data key="key0">2.8337920459162733, -1.0832871975420011</data>
      <data key="key3">N92</data>
    </node>
    <node id="n197">
      <data key="key0">4.9895704311164071, -1.3738556410149283</data>
      <data key="key3">N93</data>
    </node>
    <node id="n198">
      <data key="key0">4.1727969966276506, -0.84492093493561016</data>
      <data key="key3">N94</data>
    </node>
    <node id="n199">
      <data key="key0">4.6612177664299201, -1.6076683161948073</data>
      <data key="key3">N95</data>
    </node>
    <node id="n200">
      <data key="key0">2.3486470143049036, -1.1888997303191764</data>
      <data key="key3">N96</data>
    </node>
    <node id="n201">
      <data key="key0">4.4097844034120914, -0.49812719248810244</data>
      <data key="key3">N97</data>
    </node>
    <node id="n202">
      <data key="key0">0.91078645817307935, -0.2336034360082119</data>
      <data key="key3">N98</data>
    </node>
    <node id="n203">
      <data key="key0">3.5423665874974657, -5.8546446142732007</data>
      <data key="key3">N99</data>
    </node>
    <node id="n204">
      <data key="key0">3.9291741441149552, -6.3864717920846648</data>
      <data key="key3">N100</data>
    </node>
    <node id="n205">
      <data key="key0">2.7380982698509508, 2.9212291427871713</data>
      <data key="key3">N101</data>
    </node>
    <node id="n206">
      <data key="key0">2.2424615455010799, 2.7141851921477</data>
      <data key="key3">N102</data>
    </node>
    <node id="n207">
      <data key="key0">0.90371335199678782, 2.919876197660646</data>
      <data key="key3">N103</data>
    </node>
    <node id="n208">
      <data key="key0">2.5625192750438477, 3.4222272998285783</data>
      <data key="key3">N104</data>
    </node>
    <node id="n209">
      <data key="key0">2.5136376330292283, 3.1612413381591993</data>
      <data key="key3">N105</data>
    </node>
    <node id="n210">
      <data key="key0">2.1102665447562834, 3.1773257601356568</data>
      <data key="key3">N106</data>
    </node>
    <node id="n211">
      <data key="key0">4.5589792427197606, 4.8952174297144344</data>
      <data key="key3">N107</data>
    </node>
    <node id="n212">
      <data key="key0">-1.1779185928757956, -1.3929731011848285</data>
      <data key="key3">N108</data>
    </node>
    <node id="n213">
      <data key="key0">4.7956695993368301, 3.7973232366325598</data>
      <data key="key3">N109</data>
    </node>
    <node id="n214">
      <data key="key0">5.2088359649795137, 4.0570248232278514</data>
      <data key="key3">N110</data>
    </node>
    <node id="n215">
      <data key="key0">5.2332243789833655, 3.5544253325375434</data>
      <data key="key3">N111</data>
    </node>
    <node id="n216">
      <data key="key0">1.3719593861999513, 0.97811598017007595</data>
      <data key="key3">N112</data>
    </node>
    <node id="n217">
      <data key="key0">1.6427811925284561, 0.067925676374075636</data>
      <data key="key3">N113</data>
    </node>
    <node id="n218">
      <data key="key0">5.0888884529672058, 2.1895077436057666</data>
      <data key="key3">N114</data>
    </node>
    <node id="n219">
      <data key="key0">-0.58321101340072268, -3.2652968307998891</data>
      <data key="key3">N115</data>
    </node>
    <node id="n220">
      <data key="key0">2.0024947470451542, -1.6308498508906617</data>
      <data key="key3">N116</data>
    </node>
    <node id="n221">
      <data key="key0">2.1348331833981433, 1.9001559074994501</data>
      <data key="key3">N117</data>
    </node>
    <node id="n222">
      <data key="key0">7.6438057637492847, 0.67485613024329438</data>
      <data key="key3">N118</data>
    </node>
    <node id="n223">
      <data key="key0">-2.0359383761428189, 1.1516904468572999</data>
      <data key="key3">N119</data>
    </node>
    <node id="n224">
      <data key="key0">-1.5611947956123424, 0.87525663027684952</data>
      <data key="key3">N120</data>
    </node>
    <node id="n225">
      <data key="key0">6.5846227073121968, 1.0431418998494879</data>
      <data key="key3">N121</data>
    </node>
    <node id="n226">
      <data key="key0">6.7970647806861333, 0.54598260159719247</data>
      <data key="key3">N122</data>
    </node>
    <node id="n227">
      <data key="key0">0.73128082945735884, 1.2321257362103937</data>
      <data key="key3">N123</data>
    </node>
    <node id="n228">
      <data key="key0">6.1346548849257081, 1.7045015496014058</data>
      <data key="key3">N124</data>
    </node>
    <node id="n229">
      <data key="key0">-0.53713254953441036, 2.7996731092262435</data>
      <data key="key3">N125</data>
    </node>
    <node id="n230">
      <data key="key0">-1.4485739805110631, 2.7033394041335592</data>
      <data key="key3">N126</data>
    </node>
    <node id="n231">
      <data key="key0">0.20934914856046349, 3.2452055485552509</data>
      <data key="key3">N127</data>
    </node>
    <node id="n232">
      <data key="key0">-0.049549449422859042, 3.1803366591766711</data>
      <data key="key3">N128</data>
    </node>
    <node id="n233">
      <data key="key0">1.0414270023932524, -2.6059252523845</data>
      <data key="key3">N129</data>
    </node>
    <node id="n234">
      <data key="key0">3.4245168801245875, -0.46157579387121062</data>
      <data key="key3">N130</data>
    </node>
    <node id="n235">
      <data key="key0">2.3273266149167697, 0.098746569688866193</data>
      <data key="key3">N131</data>
    </node>
    <node id="n236">
      <data key="key0">2.1642910357458289, 0.27482079589043251</data>
      <data key="key3">N132</data>
    </node>
    <node id="n237">
      <data key="key0">2.0615277988995544, 0.0036242848928871563</data>
      <data key="key3">N133</data>
    </node>
    <node id="n238">
      <data key="key0">2.0526329388612217, -0.24259949359691754</data>
      <data key="key3">N134</data>
    </node>
    <node id="n239">
      <data key="key0">2.6041241714604357, 0.11617175488987036</data>
      <data key="key3">N135</data>
    </node>
    <node id="n240">
      <data key="key0">2.4263495807007955, 0.32155802603764572</data>
      <data key="key3">N136</data>
    </node>
    <node id="n241">
      <data key="key0">-0.17711076033883028, 2.682738772002085</data>
      <data key="key3">N137</data>
    </node>
    <node id="n242">
      <data key="key0">0.51823404465689016, 3.7221078212119774</data>
      <data key="key3">N138</data>
    </node>
    <node id="n243">
      <data key="key0">3.1657604807597459, -0.16974931944155827</data>
      <data key="key3">N139</data>
    </node>
    <node id="n244">
      <data key="key0">-1.7751601539535806, -2.1639691468755329</data>
      <data key="key3">N140</data>
    </node>
    <node id="n245">
      <data key="key0">2.0353613094206717, -0.85593822402979458</data>
      <data key="key3">N141</data>
    </node>
    <node id="n246">
      <data key="key0">1.0671508521181567, -0.02209557120056764</data>
      <data key="key3">N142</data>
    </node>
    <node id="n247">
      <data key="key0">5.1005113543344276, -2.3685684116969332</data>
      <data key="key3">N143</data>
    </node>
    <node id="n248">
      <data key="key0">4.7820624383488592, -3.0198292506799689</data>
      <data key="key3">N144</data>
    </node>
    <node id="n249">
      <data key="key0">2.7056475856343112, -4.2148758434246645</data>
      <data key="key3">N145</data>
    </node>
    <node id="n250">
      <data key="key0">1.0198599784380906, -0.45347153386604605</data>
      <data key="key3">N146</data>
    </node>
    <node id="n251">
      <data key="key0">-0.44730691638939341, 3.2098694718177185</data>
      <data key="key3">N147</data>
    </node>
    <node id="n252">
      <data key="key0">-1.2146071988098421, -2.7004960894650045</data>
      <data key="key3">N148</data>
    </node>
    <node id="n253">
      <data key="key0">-0.61618718518006543, 3.0384047770915554</data>
      <data key="key3">N149</data>
    </node>
    <node id="n254">
      <data key="key0">5.2057917094974044, -1.3627199105016361</data>
      <data key="key3">N150</data>
    </node>
    <node id="n255">
      <data key="key0">0.16853093320913881, 3.4709270997908508</data>
      <data key="key3">N151</data>
    </node>
    <node id="n256">
      <data key="key0">1.3045612646874236, -0.54390106244475456</data>
      <data key="key3">N152</data>
    </node>
    <node id="n257">
      <data key="key0">0.66596157142146628, 2.4030646997800305</data>
      <data key="key3">N153</data>
    </node>
    <node id="n258">
      <data key="key0">2.2508747785375753, 1.0356232928982922</data>
      <data key="key3">N154</data>
    </node>
    <node id="n259">
      <data key="key0">0.12404210629129216, -4.1548467579074488</data>
      <data key="key3">N155</data>
    </node>
    <node id="n260">
      <data key="key0">0.56127030419262125, -1.5497409546912719</data>
      <data key="key3">N156</data>
    </node>
    <node id="n261">
      <data key="key0">2.5575771441462734, 2.7219395257245189</data>
      <data key="key3">N157</data>
    </node>
    <node id="n262">
      <data key="key0">2.2951919807977461, 3.409774527580109</data>
      <data key="key3">N158</data>
    </node>
    <node id="n263">
      <data key="key0">2.7618148334304178, 3.1923809489853769</data>
      <data key="key3">N159</data>
    </node>
    <node id="n264">
      <data key="key0">0.81256181935275829, -1.3034421548105448</data>
      <data key="key3">N160</data>
    </node>
    <node id="n265">
      <data key="key0">0.8937852160745261, -1.6163546514821767</data>
      <data key="key3">N161</data>
    </node>
    <node id="n266">
      <data key="key0">0.65621904558088529, 4.1403626531533826</data>
      <data key="key3">N162</data>
    </node>
    <node id="n267">
      <data key="key0">1.0639571473342584, 4.5800710115042262</data>
      <data key="key3">N163</data>
    </node>
    <node id="n268">
      <data key="key0">1.1866256304384948, 3.9913925354949615</data>
      <data key="key3">N164</data>
    </node>
    <node id="n269">
      <data key="key0">1.1157225023566315, 4.2914923027404948</data>
      <data key="key3">N165</data>
    </node>
    <node id="n270">
      <data key="key0">0.87143320452485296, 4.3666213393767608</data>
      <data key="key3">N166</data>
    </node>
    <node id="n271">
      <data key="key0">1.2876107376023496, 4.4610898248020989</data>
      <data key="key3">N167</data>
    </node>
    <node id="n272">
      <data key="key0">0.62194806545099179, 4.4259300820043315</data>
      <data key="key3">N168</data>
    </node>
    <node id="n273">
      <data key="key0">1.3703949090532115, 4.2069962255408004</data>
      <data key="key3">N169</data>
    </node>
    <node id="n274">
      <data key="key0">0.81520871570581277, 4.6030877817040619</data>
      <data key="key3">N170</data>
    </node>
    <node id="n275">
      <data key="key0">3.6915516599254863, 3.7635148384899715</data>
      <data key="key3">N171</data>
    </node>
    <node id="n276">
      <data key="key0">3.9176703469606275, 4.4415867891234662</data>
      <data key="key3">N172</data>
    </node>
    <node id="n277">
      <data key="key0">4.7081144957665408, 1.0893592927276816</data>
      <data key="key3">N173</data>
    </node>
    <node id="n278">
      <data key="key0">4.1232417522036187, -0.6257339776446742</data>
      <data key="key3">N174</data>
    </node>
    <node id="n279">
      <data key="key0">4.9659931353163023, 0.89355544612869353</data>
      <data key="key3">N175</data>
    </node>
    <node id="n280">
      <data key="key0">1.4492650735023616, 3.7054589737898973</data>
      <data key="key3">N176</data>
    </node>
    <node id="n281">
      <data key="key0">1.7121186266615218, 3.7020581867352376</data>
      <data key="key3">N177</data>
    </node>
    <node id="n282">
      <data key="key0">1.7042280642529699, 3.4159297169876623</data>
      <data key="key3">N178</data>
    </node>
    <node id="n283">
      <data key="key0">-0.35079262173311493, 2.5271549512488871</data>
      <data key="key3">N179</data>
    </node>
    <node id="n284">
      <data key="key0">4.4250093539219542, -0.31080254330505808</data>
      <data key="key3">N180</data>
    </node>
    <node id="n285">
      <data key="key0">-0.17457538295348118, 2.3687218943057564</data>
      <data key="key3">N181</data>
    </node>
    <node id="n286">
      <data key="key0">4.0905822441885125, -0.019218719689904108</data>
      <data key="key3">N182</data>
    </node>
    <node id="n287">
      <data key="key0">7.2864943644905331, 1.9721053011464109</data>
      <data key="key3">N183</data>
    </node>
    <node id="n288">
      <data key="key0">-0.64711546314461854, 3.626339007608034</data>
      <data key="key3">N184</data>
    </node>
    <node id="n289">
      <data key="key0">1.2469784257441834, 2.2854539557896336</data>
      <data key="key3">N185</data>
    </node>
    <node id="n290">
      <data key="key0">7.6462288667686638, -1.4902062538839131</data>
      <data key="key3">N186</data>
    </node>
    <node id="n291">
      <data key="key0">0.33531967506918381, 4.1591000628540797</data>
      <data key="key3">N187</data>
    </node>
    <node id="n292">
      <data key="key0">-0.45443192158768564, 4.2903862083761917</data>
      <data key="key3">N188</data>
    </node>
    <node id="n293">
      <data key="key0">-0.10331417798889678, 4.6585102412549526</data>
      <data key="key3">N189</data>
    </node>
    <node id="n294">
      <data key="key0">-0.23874261711459432, 4.4446045526024722</data>
      <data key="key3">N190</data>
    </node>
    <node id="n295">
      <data key="key0">-0.39193945699952221, 4.6389674713017666</data>
      <data key="key3">N191</data>
    </node>
    <node id="n296">
      <data key="key0">0.041006095327923625, 4.4250624345429985</data>
      <data key="key3">N192</data>
    </node>
    <node id="n297">
      <data key="key0">-0.60554490797563099, 4.4729751836353326</data>
      <data key="key3">N193</data>
    </node>
    <node id="n298">
      <data key="key0">-0.68234193031191215, 4.1797667961380363</data>
      <data key="key3">N194</data>
    </node>
    <node id="n299">
      <data key="key0">-0.461968057670959, 3.9929860769693453</data>
      <data key="key3">N195</data>
    </node>
    <node id="n300">
      <data key="key0">-1.9864179685286438, -1.1287254882426436</data>
      <data key="key3">N196</data>
    </node>
    <node id="n301">
      <data key="key0">2.2599362110471222, -0.41634182910475975</data>
      <data key="key3">N197</data>
    </node>
    <node id="n302">
      <data key="key0">3.7177319308022097, 0.046528151314367799</data>
      <data key="key3">N198</data>
    </node>
    <node id="n303">
      <data key="key0">6.1955976646083375, 2.3109302252442459</data>
      <data key="key3">N199</data>
    </node>
    <node id="n304">
      <data key="key0">6.4358528406268629, 2.8431591706503299</data>
      <data key="key3">N200</data>
    </node>
    <node id="n305">
      <data key="key0">6.0703515582201506, 2.8940036578677302</data>
      <data key="key3">N201</data>
    </node>
    <node id="n306">
      <data key="key0">5.9261903717118729, 2.6265111878449527</data>
      <data key="key3">N202</data>
    </node>
    <node id="n307">
      <data key="key0">6.4797980813470195, 2.531788798157943</data>
      <data key="key3">N203</data>
    </node>
    <node id="n308">
      <data key="key0">-2.404283758241712, -0.082369367523699583</data>
      <data key="key3">N204</data>
    </node>
    <node id="n309">
      <data key="key0">3.4670914268585253, 5.0054439472970929</data>
      <data key="key3">N205</data>
    </node>
    <node id="n310">
      <data key="key0">2.9506253768700259, 4.8446300049415454</data>
      <data key="key3">N206</data>
    </node>
    <node id="n311">
      <data key="key0">4.6547383237299194, 3.0252458317491153</data>
      <data key="key3">N207</data>
    </node>
    <node id="n312">
      <data key="key0">4.1564326770386968, 2.8186759921172424</data>
      <data key="key3">N208</data>
    </node>
    <node id="n313">
      <data key="key0">4.7616285508949696, -2.791270523919724</data>
      <data key="key3">N209</data>
    </node>
    <node id="n314">
      <data key="key0">-1.9272499889043608, 0.16650825548757334</data>
      <data key="key3">N210</data>
    </node>
    <node id="n315">
      <data key="key0">1.546706887380779, 1.7352827290588686</data>
      <data key="key3">N211</data>
    </node>
    <node id="n316">
      <data key="key0">4.3384620958437701, -0.86767964912764495</data>
      <data key="key3">N212</data>
    </node>
    <node id="n317">
      <data key="key0">2.7500835834482502, -2.0017259333793533</data>
      <data key="key3">N213</data>
    </node>
    <node id="n318">
      <data key="key0">6.9883990436693546, -2.5619662456372381</data>
      <data key="key3">N214</data>
    </node>
    <node id="n319">
      <data key="key0">4.0403161738044213, -0.40616035570002085</data>
      <data key="key3">N215</data>
    </node>
    <node id="n320">
      <data key="key0">3.2351450897381273, -0.56843041478300249</data>
      <data key="key3">N216</data>
    </node>
    <node id="n321">
      <data key="key0">3.5343504657673508, 0.035284917886202076</data>
      <data key="key3">N217</data>
    </node>
    <node id="n322">
      <data key="key0">3.2000611835547517, -0.37431649294140446</data>
      <data key="key3">N218</data>
    </node>
    <node id="n323">
      <data key="key0">3.8972450541758659, -0.023448485229035521</data>
      <data key="key3">N219</data>
    </node>
    <node id="n324">
      <data key="key0">3.9605807227732046, -0.20252213679261805</data>
      <data key="key3">N220</data>
    </node>
    <node id="n325">
      <data key="key0">3.3655668862721835, 0.14848836512888958</data>
      <data key="key3">N221</data>
    </node>
    <node id="n326">
      <data key="key0">3.3702240597362461, -0.26351487968424497</data>
      <data key="key3">N222</data>
    </node>
    <node id="n327">
      <data key="key0">4.2729659984640191, -0.099013258841886553</data>
      <data key="key3">N223</data>
    </node>
    <node id="n328">
      <data key="key0">3.0147065552539534, -0.28606361754693899</data>
      <data key="key3">N224</data>
    </node>
    <node id="n329">
      <data key="key0">3.010110828909248, -0.49889875594157973</data>
      <data key="key3">N225</data>
    </node>
    <node id="n330">
      <data key="key0">3.1873227797878361, 0.024140408064838567</data>
      <data key="key3">N226</data>
    </node>
    <node id="n331">
      <data key="key0">3.8853193634534549, -0.5260832476595122</data>
      <data key="key3">N227</data>
    </node>
    <node id="n332">
      <data key="key0">3.2678097539080069, -0.75972364394732717</data>
      <data key="key3">N228</data>
    </node>
    <node id="n333">
      <data key="key0">4.0657363180882964, -0.96014312819453462</data>
      <data key="key3">N229</data>
    </node>
    <node id="n334">
      <data key="key0">3.1845009520069936, -1.2104698391695929</data>
      <data key="key3">N230</data>
    </node>
    <node id="n335">
      <data key="key0">3.7352752227172377, -0.14988643733814935</data>
      <data key="key3">N231</data>
    </node>
    <node id="n336">
      <data key="key0">3.7808975706430834, 0.22278219707371796</data>
      <data key="key3">N232</data>
    </node>
    <node id="n337">
      <data key="key0">3.8125711348874036, -0.33840158941622217</data>
      <data key="key3">N233</data>
    </node>
    <node id="n338">
      <data key="key0">3.0593841582239465, -0.69702239395721644</data>
      <data key="key3">N234</data>
    </node>
    <node id="n339">
      <data key="key0">3.4775612525986888, -0.67511019203212819</data>
      <data key="key3">N235</data>
    </node>
    <node id="n340">
      <data key="key0">4.1460741725785599, -0.24270513098739188</data>
      <data key="key3">N236</data>
    </node>
    <node id="n341">
      <data key="key0">5.0883754700253077, -0.79101097552710764</data>
      <data key="key3">N237</data>
    </node>
    <node id="n342">
      <data key="key0">3.5456109140914598, -0.15176136469585264</data>
      <data key="key3">N238</data>
    </node>
    <node id="n343">
      <data key="key0">2.45236631084247, -1.8378966695855934</data>
      <data key="key3">N239</data>
    </node>
    <node id="n344">
      <data key="key0">2.5238323668375133, -2.0720713813766265</data>
      <data key="key3">N240</data>
    </node>
    <node id="n345">
      <data key="key0">-1.4336795020871456, 3.0320088776326233</data>
      <data key="key3">N241</data>
    </node>
    <node id="n346">
      <data key="key0">3.8363512289627466, -2.9077742087970559</data>
      <data key="key3">N242</data>
    </node>
    <node id="n347">
      <data key="key0">5.0040810438396397, -0.41459000067405788</data>
      <data key="key3">N243</data>
    </node>
    <node id="n348">
      <data key="key0">1.6230009724944856, 2.525578685006356</data>
      <data key="key3">N244</data>
    </node>
    <node id="n349">
      <data key="key0">7.235308534809783, -0.16577931801164958</data>
      <data key="key3">N245</data>
    </node>
    <node id="n350">
      <data key="key0">7.3710804907264214, 1.4332136191931477</data>
      <data key="key3">N246</data>
    </node>

   <!-- edges -->
    <edge id="e0" source="n105" target="n22">
    </edge>
    <edge id="e1" source="n105" target="n32">
    </edge>
    <edge id="e2" source="n105" target="n40">
    </edge>
    <edge id="e3" source="n105" target="n41">
    </edge>
    <edge id="e4" source="n105" target="n43">
    </edge>
    <edge id="e5" source="n106" target="n22">
    </edge>
    <edge id="e6" source="n106" target="n32">
    </edge>
    <edge id="e7" source="n107" target="n5">
    </edge>
    <edge id="e8" source="n107" target="n8">
    </edge>
    <edge id="e9" source="n107" target="n9">
    </edge>
    <edge id="e10" source="n107" target="n13">
    </edge>
    <edge id="e11" source="n107" target="n18">
    </edge>
    <edge id="e12" source="n107" target="n24">
    </edge>
    <edge id="e13" source="n107" target="n27">
    </edge>
    <edge id="e14" source="n107" target="n30">
    </edge>
    <edge id="e15" source="n107" target="n31">
    </edge>
    <edge id="e16" source="n108" target="n0">
    </edge>
    <edge id="e17" source="n108" target="n29">
    </edge>
    <edge id="e18" source="n108" target="n33">
    </edge>
    <edge id="e19" source="n109" target="n0">
    </edge>
    <edge id="e20" source="n109" target="n1">
    </edge>
    <edge id="e21" source="n109" target="n3">
    </edge>
    <edge id="e22" source="n109" target="n7">
    </edge>
    <edge id="e23" source="n110" target="n7">
    </edge>
    <edge id="e24" source="n110" target="n8">
    </edge>
    <edge id="e25" source="n110" target="n9">
    </edge>
    <edge id="e26" source="n110" target="n10">
    </edge>
    <edge id="e27" source="n111" target="n3">
    </edge>
    <edge id="e28" source="n111" target="n7">
    </edge>
    <edge id="e29" source="n112" target="n7">
    </edge>
    <edge id="e30" source="n113" target="n3">
    </edge>
    <edge id="e31" source="n113" target="n11">
    </edge>
    <edge id="e32" source="n113" target="n29">
    </edge>
    <edge id="e33" source="n113" target="n38">
    </edge>
    <edge id="e34" source="n114" target="n25">
    </edge>
    <edge id="e35" source="n114" target="n31">
    </edge>
    <edge id="e36" source="n114" target="n40">
    </edge>
    <edge id="e37" source="n114" target="n41">
    </edge>
    <edge id="e38" source="n114" target="n42">
    </edge>
    <edge id="e39" source="n114" target="n64">
    </edge>
    <edge id="e40" source="n114" target="n78">
    </edge>
    <edge id="e41" source="n115" target="n2">
    </edge>
    <edge id="e42" source="n116" target="n2">
    </edge>
    <edge id="e43" source="n117" target="n31">
    </edge>
    <edge id="e44" source="n117" target="n34">
    </edge>
    <edge id="e45" source="n117" target="n66">
    </edge>
    <edge id="e46" source="n118" target="n2">
    </edge>
    <edge id="e47" source="n119" target="n2">
    </edge>
    <edge id="e48" source="n120" target="n2">
    </edge>
    <edge id="e49" source="n121" target="n5">
    </edge>
    <edge id="e50" source="n122" target="n26">
    </edge>
    <edge id="e51" source="n122" target="n34">
    </edge>
    <edge id="e52" source="n123" target="n5">
    </edge>
    <edge id="e53" source="n123" target="n8">
    </edge>
    <edge id="e54" source="n123" target="n11">
    </edge>
    <edge id="e55" source="n123" target="n24">
    </edge>
    <edge id="e56" source="n123" target="n28">
    </edge>
    <edge id="e57" source="n123" target="n31">
    </edge>
    <edge id="e58" source="n124" target="n5">
    </edge>
    <edge id="e59" source="n125" target="n29">
    </edge>
    <edge id="e60" source="n126" target="n26">
    </edge>
    <edge id="e61" source="n127" target="n26">
    </edge>
    <edge id="e62" source="n127" target="n29">
    </edge>
    <edge id="e63" source="n127" target="n34">
    </edge>
    <edge id="e64" source="n128" target="n9">
    </edge>
    <edge id="e65" source="n129" target="n9">
    </edge>
    <edge id="e66" source="n130" target="n11">
    </edge>
    <edge id="e67" source="n131" target="n7">
    </edge>
    <edge id="e68" source="n131" target="n34">
    </edge>
    <edge id="e69" source="n132" target="n12">
    </edge>
    <edge id="e70" source="n133" target="n16">
    </edge>
    <edge id="e71" source="n133" target="n18">
    </edge>
    <edge id="e72" source="n133" target="n19">
    </edge>
    <edge id="e73" source="n134" target="n16">
    </edge>
    <edge id="e74" source="n135" target="n18">
    </edge>
    <edge id="e75" source="n136" target="n18">
    </edge>
    <edge id="e76" source="n136" target="n27">
    </edge>
    <edge id="e77" source="n136" target="n31">
    </edge>
    <edge id="e78" source="n137" target="n17">
    </edge>
    <edge id="e79" source="n138" target="n17">
    </edge>
    <edge id="e80" source="n139" target="n21">
    </edge>
    <edge id="e81" source="n140" target="n26">
    </edge>
    <edge id="e82" source="n140" target="n29">
    </edge>
    <edge id="e83" source="n140" target="n34">
    </edge>
    <edge id="e84" source="n141" target="n54">
    </edge>
    <edge id="e85" source="n141" target="n59">
    </edge>
    <edge id="e86" source="n141" target="n63">
    </edge>
    <edge id="e87" source="n141" target="n64">
    </edge>
    <edge id="e88" source="n141" target="n68">
    </edge>
    <edge id="e89" source="n141" target="n73">
    </edge>
    <edge id="e90" source="n142" target="n34">
    </edge>
    <edge id="e91" source="n142" target="n82">
    </edge>
    <edge id="e92" source="n143" target="n34">
    </edge>
    <edge id="e93" source="n144" target="n34">
    </edge>
    <edge id="e94" source="n145" target="n34">
    </edge>
    <edge id="e95" source="n145" target="n64">
    </edge>
    <edge id="e96" source="n145" target="n68">
    </edge>
    <edge id="e97" source="n145" target="n103">
    </edge>
    <edge id="e98" source="n146" target="n29">
    </edge>
    <edge id="e99" source="n146" target="n38">
    </edge>
    <edge id="e100" source="n147" target="n31">
    </edge>
    <edge id="e101" source="n147" target="n34">
    </edge>
    <edge id="e102" source="n147" target="n40">
    </edge>
    <edge id="e103" source="n148" target="n29">
    </edge>
    <edge id="e104" source="n148" target="n34">
    </edge>
    <edge id="e105" source="n149" target="n29">
    </edge>
    <edge id="e106" source="n150" target="n29">
    </edge>
    <edge id="e107" source="n151" target="n29">
    </edge>
    <edge id="e108" source="n152" target="n29">
    </edge>
    <edge id="e109" source="n152" target="n34">
    </edge>
    <edge id="e110" source="n152" target="n40">
    </edge>
    <edge id="e111" source="n153" target="n53">
    </edge>
    <edge id="e112" source="n154" target="n29">
    </edge>
    <edge id="e113" source="n154" target="n34">
    </edge>
    <edge id="e114" source="n155" target="n34">
    </edge>
    <edge id="e115" source="n156" target="n29">
    </edge>
    <edge id="e116" source="n157" target="n29">
    </edge>
    <edge id="e117" source="n158" target="n29">
    </edge>
    <edge id="e118" source="n159" target="n26">
    </edge>
    <edge id="e119" source="n159" target="n29">
    </edge>
    <edge id="e120" source="n160" target="n28">
    </edge>
    <edge id="e121" source="n161" target="n28">
    </edge>
    <edge id="e122" source="n162" target="n28">
    </edge>
    <edge id="e123" source="n163" target="n2">
    </edge>
    <edge id="e124" source="n163" target="n4">
    </edge>
    <edge id="e125" source="n163" target="n6">
    </edge>
    <edge id="e126" source="n163" target="n14">
    </edge>
    <edge id="e127" source="n164" target="n30">
    </edge>
    <edge id="e128" source="n165" target="n30">
    </edge>
    <edge id="e129" source="n166" target="n26">
    </edge>
    <edge id="e130" source="n167" target="n25">
    </edge>
    <edge id="e131" source="n168" target="n43">
    </edge>
    <edge id="e132" source="n169" target="n34">
    </edge>
    <edge id="e133" source="n170" target="n26">
    </edge>
    <edge id="e134" source="n170" target="n31">
    </edge>
    <edge id="e135" source="n170" target="n36">
    </edge>
    <edge id="e136" source="n170" target="n41">
    </edge>
    <edge id="e137" source="n171" target="n73">
    </edge>
    <edge id="e138" source="n172" target="n26">
    </edge>
    <edge id="e139" source="n172" target="n31">
    </edge>
    <edge id="e140" source="n173" target="n34">
    </edge>
    <edge id="e141" source="n174" target="n26">
    </edge>
    <edge id="e142" source="n175" target="n38">
    </edge>
    <edge id="e143" source="n176" target="n26">
    </edge>
    <edge id="e144" source="n176" target="n29">
    </edge>
    <edge id="e145" source="n177" target="n26">
    </edge>
    <edge id="e146" source="n177" target="n34">
    </edge>
    <edge id="e147" source="n178" target="n26">
    </edge>
    <edge id="e148" source="n179" target="n26">
    </edge>
    <edge id="e149" source="n179" target="n34">
    </edge>
    <edge id="e150" source="n180" target="n26">
    </edge>
    <edge id="e151" source="n180" target="n34">
    </edge>
    <edge id="e152" source="n181" target="n26">
    </edge>
    <edge id="e153" source="n181" target="n34">
    </edge>
    <edge id="e154" source="n182" target="n26">
    </edge>
    <edge id="e155" source="n182" target="n34">
    </edge>
    <edge id="e156" source="n183" target="n26">
    </edge>
    <edge id="e157" source="n183" target="n34">
    </edge>
    <edge id="e158" source="n184" target="n23">
    </edge>
    <edge id="e159" source="n184" target="n35">
    </edge>
    <edge id="e160" source="n185" target="n33">
    </edge>
    <edge id="e161" source="n186" target="n31">
    </edge>
    <edge id="e162" source="n186" target="n34">
    </edge>
    <edge id="e163" source="n187" target="n33">
    </edge>
    <edge id="e164" source="n187" target="n34">
    </edge>
    <edge id="e165" source="n188" target="n33">
    </edge>
    <edge id="e166" source="n188" target="n38">
    </edge>
    <edge id="e167" source="n189" target="n33">
    </edge>
    <edge id="e168" source="n189" target="n34">
    </edge>
    <edge id="e169" source="n189" target="n38">
    </edge>
    <edge id="e170" source="n190" target="n40">
    </edge>
    <edge id="e171" source="n191" target="n66">
    </edge>
    <edge id="e172" source="n192" target="n66">
    </edge>
    <edge id="e173" source="n193" target="n66">
    </edge>
    <edge id="e174" source="n194" target="n66">
    </edge>
    <edge id="e175" source="n195" target="n20">
    </edge>
    <edge id="e176" source="n195" target="n35">
    </edge>
    <edge id="e177" source="n195" target="n52">
    </edge>
    <edge id="e178" source="n195" target="n61">
    </edge>
    <edge id="e179" source="n195" target="n62">
    </edge>
    <edge id="e180" source="n195" target="n70">
    </edge>
    <edge id="e181" source="n195" target="n71">
    </edge>
    <edge id="e182" source="n195" target="n74">
    </edge>
    <edge id="e183" source="n195" target="n77">
    </edge>
    <edge id="e184" source="n196" target="n31">
    </edge>
    <edge id="e185" source="n196" target="n34">
    </edge>
    <edge id="e186" source="n196" target="n41">
    </edge>
    <edge id="e187" source="n196" target="n46">
    </edge>
    <edge id="e188" source="n197" target="n29">
    </edge>
    <edge id="e189" source="n198" target="n29">
    </edge>
    <edge id="e190" source="n198" target="n34">
    </edge>
    <edge id="e191" source="n199" target="n29">
    </edge>
    <edge id="e192" source="n200" target="n40">
    </edge>
    <edge id="e193" source="n201" target="n34">
    </edge>
    <edge id="e194" source="n201" target="n38">
    </edge>
    <edge id="e195" source="n202" target="n73">
    </edge>
    <edge id="e196" source="n203" target="n14">
    </edge>
    <edge id="e197" source="n203" target="n15">
    </edge>
    <edge id="e198" source="n204" target="n15">
    </edge>
    <edge id="e199" source="n205" target="n72">
    </edge>
    <edge id="e200" source="n206" target="n72">
    </edge>
    <edge id="e201" source="n207" target="n53">
    </edge>
    <edge id="e202" source="n207" target="n56">
    </edge>
    <edge id="e203" source="n207" target="n60">
    </edge>
    <edge id="e204" source="n207" target="n62">
    </edge>
    <edge id="e205" source="n207" target="n65">
    </edge>
    <edge id="e206" source="n207" target="n70">
    </edge>
    <edge id="e207" source="n207" target="n74">
    </edge>
    <edge id="e208" source="n207" target="n77">
    </edge>
    <edge id="e209" source="n207" target="n80">
    </edge>
    <edge id="e210" source="n207" target="n84">
    </edge>
    <edge id="e211" source="n207" target="n85">
    </edge>
    <edge id="e212" source="n207" target="n88">
    </edge>
    <edge id="e213" source="n207" target="n89">
    </edge>
    <edge id="e214" source="n207" target="n90">
    </edge>
    <edge id="e215" source="n207" target="n101">
    </edge>
    <edge id="e216" source="n207" target="n103">
    </edge>
    <edge id="e217" source="n208" target="n72">
    </edge>
    <edge id="e218" source="n209" target="n72">
    </edge>
    <edge id="e219" source="n210" target="n72">
    </edge>
    <edge id="e220" source="n211" target="n39">
    </edge>
    <edge id="e221" source="n212" target="n44">
    </edge>
    <edge id="e222" source="n213" target="n45">
    </edge>
    <edge id="e223" source="n214" target="n45">
    </edge>
    <edge id="e224" source="n215" target="n45">
    </edge>
    <edge id="e225" source="n216" target="n63">
    </edge>
    <edge id="e226" source="n217" target="n57">
    </edge>
    <edge id="e227" source="n217" target="n58">
    </edge>
    <edge id="e228" source="n217" target="n64">
    </edge>
    <edge id="e229" source="n217" target="n67">
    </edge>
    <edge id="e230" source="n217" target="n73">
    </edge>
    <edge id="e231" source="n218" target="n47">
    </edge>
    <edge id="e232" source="n219" target="n48">
    </edge>
    <edge id="e233" source="n220" target="n41">
    </edge>
    <edge id="e234" source="n221" target="n100">
    </edge>
    <edge id="e235" source="n221" target="n103">
    </edge>
    <edge id="e236" source="n222" target="n49">
    </edge>
    <edge id="e237" source="n223" target="n50">
    </edge>
    <edge id="e238" source="n224" target="n50">
    </edge>
    <edge id="e239" source="n225" target="n51">
    </edge>
    <edge id="e240" source="n226" target="n51">
    </edge>
    <edge id="e241" source="n227" target="n16">
    </edge>
    <edge id="e242" source="n227" target="n20">
    </edge>
    <edge id="e243" source="n227" target="n52">
    </edge>
    <edge id="e244" source="n228" target="n55">
    </edge>
    <edge id="e245" source="n229" target="n76">
    </edge>
    <edge id="e246" source="n229" target="n77">
    </edge>
    <edge id="e247" source="n230" target="n76">
    </edge>
    <edge id="e248" source="n231" target="n53">
    </edge>
    <edge id="e249" source="n231" target="n56">
    </edge>
    <edge id="e250" source="n231" target="n60">
    </edge>
    <edge id="e251" source="n231" target="n62">
    </edge>
    <edge id="e252" source="n231" target="n65">
    </edge>
    <edge id="e253" source="n231" target="n70">
    </edge>
    <edge id="e254" source="n231" target="n71">
    </edge>
    <edge id="e255" source="n231" target="n74">
    </edge>
    <edge id="e256" source="n231" target="n77">
    </edge>
    <edge id="e257" source="n231" target="n83">
    </edge>
    <edge id="e258" source="n231" target="n93">
    </edge>
    <edge id="e259" source="n232" target="n70">
    </edge>
    <edge id="e260" source="n232" target="n71">
    </edge>
    <edge id="e261" source="n233" target="n22">
    </edge>
    <edge id="e262" source="n234" target="n34">
    </edge>
    <edge id="e263" source="n234" target="n38">
    </edge>
    <edge id="e264" source="n234" target="n64">
    </edge>
    <edge id="e265" source="n235" target="n64">
    </edge>
    <edge id="e266" source="n236" target="n64">
    </edge>
    <edge id="e267" source="n237" target="n64">
    </edge>
    <edge id="e268" source="n238" target="n64">
    </edge>
    <edge id="e269" source="n239" target="n64">
    </edge>
    <edge id="e270" source="n240" target="n64">
    </edge>
    <edge id="e271" source="n241" target="n53">
    </edge>
    <edge id="e272" source="n242" target="n56">
    </edge>
    <edge id="e273" source="n243" target="n34">
    </edge>
    <edge id="e274" source="n244" target="n69">
    </edge>
    <edge id="e275" source="n245" target="n31">
    </edge>
    <edge id="e276" source="n245" target="n54">
    </edge>
    <edge id="e277" source="n245" target="n73">
    </edge>
    <edge id="e278" source="n246" target="n73">
    </edge>
    <edge id="e279" source="n247" target="n66">
    </edge>
    <edge id="e280" source="n248" target="n66">
    </edge>
    <edge id="e281" source="n249" target="n2">
    </edge>
    <edge id="e282" source="n249" target="n5">
    </edge>
    <edge id="e283" source="n249" target="n6">
    </edge>
    <edge id="e284" source="n250" target="n73">
    </edge>
    <edge id="e285" source="n251" target="n71">
    </edge>
    <edge id="e286" source="n252" target="n79">
    </edge>
    <edge id="e287" source="n253" target="n71">
    </edge>
    <edge id="e288" source="n254" target="n29">
    </edge>
    <edge id="e289" source="n255" target="n70">
    </edge>
    <edge id="e290" source="n256" target="n73">
    </edge>
    <edge id="e291" source="n257" target="n74">
    </edge>
    <edge id="e292" source="n258" target="n68">
    </edge>
    <edge id="e293" source="n259" target="n75">
    </edge>
    <edge id="e294" source="n260" target="n78">
    </edge>
    <edge id="e295" source="n260" target="n86">
    </edge>
    <edge id="e296" source="n260" target="n104">
    </edge>
    <edge id="e297" source="n261" target="n72">
    </edge>
    <edge id="e298" source="n262" target="n72">
    </edge>
    <edge id="e299" source="n263" target="n72">
    </edge>
    <edge id="e300" source="n264" target="n78">
    </edge>
    <edge id="e301" source="n265" target="n78">
    </edge>
    <edge id="e302" source="n266" target="n80">
    </edge>
    <edge id="e303" source="n267" target="n80">
    </edge>
    <edge id="e304" source="n268" target="n80">
    </edge>
    <edge id="e305" source="n269" target="n80">
    </edge>
    <edge id="e306" source="n270" target="n80">
    </edge>
    <edge id="e307" source="n271" target="n80">
    </edge>
    <edge id="e308" source="n272" target="n80">
    </edge>
    <edge id="e309" source="n273" target="n80">
    </edge>
    <edge id="e310" source="n274" target="n80">
    </edge>
    <edge id="e311" source="n275" target="n81">
    </edge>
    <edge id="e312" source="n276" target="n92">
    </edge>
    <edge id="e313" source="n277" target="n82">
    </edge>
    <edge id="e314" source="n278" target="n34">
    </edge>
    <edge id="e315" source="n278" target="n38">
    </edge>
    <edge id="e316" source="n279" target="n82">
    </edge>
    <edge id="e317" source="n280" target="n84">
    </edge>
    <edge id="e318" source="n281" target="n84">
    </edge>
    <edge id="e319" source="n282" target="n84">
    </edge>
    <edge id="e320" source="n283" target="n53">
    </edge>
    <edge id="e321" source="n284" target="n33">
    </edge>
    <edge id="e322" source="n284" target="n34">
    </edge>
    <edge id="e323" source="n285" target="n53">
    </edge>
    <edge id="e324" source="n286" target="n34">
    </edge>
    <edge id="e325" source="n287" target="n95">
    </edge>
    <edge id="e326" source="n288" target="n93">
    </edge>
    <edge id="e327" source="n289" target="n90">
    </edge>
    <edge id="e328" source="n290" target="n91">
    </edge>
    <edge id="e329" source="n291" target="n80">
    </edge>
    <edge id="e330" source="n291" target="n83">
    </edge>
    <edge id="e331" source="n292" target="n83">
    </edge>
    <edge id="e332" source="n293" target="n83">
    </edge>
    <edge id="e333" source="n294" target="n83">
    </edge>
    <edge id="e334" source="n295" target="n83">
    </edge>
    <edge id="e335" source="n296" target="n83">
    </edge>
    <edge id="e336" source="n297" target="n83">
    </edge>
    <edge id="e337" source="n298" target="n83">
    </edge>
    <edge id="e338" source="n299" target="n83">
    </edge>
    <edge id="e339" source="n300" target="n87">
    </edge>
    <edge id="e340" source="n301" target="n64">
    </edge>
    <edge id="e341" source="n302" target="n34">
    </edge>
    <edge id="e342" source="n303" target="n55">
    </edge>
    <edge id="e343" source="n303" target="n97">
    </edge>
    <edge id="e344" source="n303" target="n99">
    </edge>
    <edge id="e345" source="n304" target="n97">
    </edge>
    <edge id="e346" source="n304" target="n99">
    </edge>
    <edge id="e347" source="n305" target="n97">
    </edge>
    <edge id="e348" source="n305" target="n99">
    </edge>
    <edge id="e349" source="n306" target="n97">
    </edge>
    <edge id="e350" source="n306" target="n99">
    </edge>
    <edge id="e351" source="n307" target="n97">
    </edge>
    <edge id="e352" source="n307" target="n99">
    </edge>
    <edge id="e353" source="n308" target="n98">
    </edge>
    <edge id="e354" source="n309" target="n96">
    </edge>
    <edge id="e355" source="n310" target="n96">
    </edge>
    <edge id="e356" source="n311" target="n102">
    </edge>
    <edge id="e357" source="n312" target="n102">
    </edge>
    <edge id="e358" source="n313" target="n66">
    </edge>
    <edge id="e359" source="n314" target="n98">
    </edge>
    <edge id="e360" source="n315" target="n103">
    </edge>
    <edge id="e361" source="n316" target="n29">
    </edge>
    <edge id="e362" source="n316" target="n34">
    </edge>
    <edge id="e363" source="n316" target="n38">
    </edge>
    <edge id="e364" source="n317" target="n31">
    </edge>
    <edge id="e365" source="n318" target="n94">
    </edge>
    <edge id="e366" source="n319" target="n34">
    </edge>
    <edge id="e367" source="n320" target="n34">
    </edge>
    <edge id="e368" source="n321" target="n34">
    </edge>
    <edge id="e369" source="n322" target="n34">
    </edge>
    <edge id="e370" source="n323" target="n34">
    </edge>
    <edge id="e371" source="n324" target="n34">
    </edge>
    <edge id="e372" source="n325" target="n34">
    </edge>
    <edge id="e373" source="n326" target="n34">
    </edge>
    <edge id="e374" source="n327" target="n34">
    </edge>
    <edge id="e375" source="n328" target="n34">
    </edge>
    <edge id="e376" source="n329" target="n34">
    </edge>
    <edge id="e377" source="n330" target="n34">
    </edge>
    <edge id="e378" source="n331" target="n34">
    </edge>
    <edge id="e379" source="n332" target="n34">
    </edge>
    <edge id="e380" source="n333" target="n29">
    </edge>
    <edge id="e381" source="n333" target="n34">
    </edge>
    <edge id="e382" source="n334" target="n31">
    </edge>
    <edge id="e383" source="n334" target="n34">
    </edge>
    <edge id="e384" source="n335" target="n34">
    </edge>
    <edge id="e385" source="n336" target="n34">
    </edge>
    <edge id="e386" source="n337" target="n34">
    </edge>
    <edge id="e387" source="n338" target="n34">
    </edge>
    <edge id="e388" source="n339" target="n34">
    </edge>
    <edge id="e389" source="n340" target="n34">
    </edge>
    <edge id="e390" source="n341" target="n38">
    </edge>
    <edge id="e391" source="n342" target="n34">
    </edge>
    <edge id="e392" source="n343" target="n31">
    </edge>
    <edge id="e393" source="n344" target="n31">
    </edge>
    <edge id="e394" source="n345" target="n76">
    </edge>
    <edge id="e395" source="n346" target="n7">
    </edge>
    <edge id="e396" source="n347" target="n38">
    </edge>
    <edge id="e397" source="n348" target="n52">
    </edge>
    <edge id="e398" source="n348" target="n72">
    </edge>
    <edge id="e399" source="n348" target="n101">
    </edge>
    <edge id="e400" source="n349" target="n37">
    </edge>
    <edge id="e401" source="n350" target="n95">
    </edge>

  </graph>
</graphml>
