<?xml version="1.0" encoding="UTF-8"?>
<graphml xmlns="http://graphml.graphdrawing.org/xmlns"
         xmlns:xsi="http://www.w3.org/2001/XMLSchema-instance"
         xsi:schemaLocation="http://graphml.graphdrawing.org/xmlns http://graphml.graphdrawing.org/xmlns/1.0/graphml.xsd">

  <!-- property keys -->
  <key id="key0" for="node" attr.name="_pos" attr.type="vector_float" />
  <key id="key1" for="graph" attr.name="citation" attr.type="string" />
  <key id="key2" for="graph" attr.name="description" attr.type="string" />
  <key id="key3" for="graph" attr.name="name" attr.type="string" />
  <key id="key4" for="graph" attr.name="tags" attr.type="vector_string" />
  <key id="key5" for="graph" attr.name="url" attr.type="string" />
  <key id="key6" for="edge" attr.name="weight" attr.type="short" />

  <graph id="G" edgedefault="directed" parse.nodeids="canonical" parse.edgeids="canonical" parse.order="nodesfirst">

   <!-- graph properties -->
   <data key="key1">[&apos;T. Snijders, G. van de Bunt, and C. Steglich, &quot;Introduction to stochastic actor-based models for network dynamics.&quot; Social Networks 32(1), 44-60 (2010), http://www.sciencedirect.com/science/article/pii/S0378873309000069&apos;]</data>
   <data key="key2">A series of snapshots of the friendships among freshmen at secondary school in The Netherlands, in 2003-2004. Friendship ties were surveyed four times, at three month intervals. The direction of an edge indicates that student i is friends with student j. Missing data is coded as 0 or 10. Metadata includes sex, age, ethnicity, and religion.</data>
   <data key="key3">dutch_school (klas12b-net-2)</data>
   <data key="key4">Social, Offline, Unweighted, Metadata, Temporal</data>
   <data key="key5">http://www.stats.ox.ac.uk/~snijders/siena/tutorial2010_data.htm</data>

   <!-- vertices -->
    <node id="n0">
      <data key="key0">14.849150497463532, 24.013639403134334</data>
    </node>
    <node id="n1">
      <data key="key0">14.653417607921414, 23.767685412634474</data>
    </node>
    <node id="n2">
      <data key="key0">14.73693287454282, 23.948497677756531</data>
    </node>
    <node id="n3">
      <data key="key0">14.427097172503423, 23.960982385738166</data>
    </node>
    <node id="n4">
      <data key="key0">14.405628942261409, 23.611604092438924</data>
    </node>
    <node id="n5">
      <data key="key0">14.769757192760148, 23.81547500609949</data>
    </node>
    <node id="n6">
      <data key="key0">14.698542998025788, 23.859993760566955</data>
    </node>
    <node id="n7">
      <data key="key0">14.62357167691923, 23.891361855465828</data>
    </node>
    <node id="n8">
      <data key="key0">14.910996451461147, 23.587814110860521</data>
    </node>
    <node id="n9">
      <data key="key0">14.653494874667478, 23.956705253769226</data>
    </node>
    <node id="n10">
      <data key="key0">14.852878993081898, 23.78391962617351</data>
    </node>
    <node id="n11">
      <data key="key0">14.806388791124466, 23.907268421473876</data>
    </node>
    <node id="n12">
      <data key="key0">14.591022461129619, 24.039820493043162</data>
    </node>
    <node id="n13">
      <data key="key0">14.419894927671512, 23.760395431874056</data>
    </node>
    <node id="n14">
      <data key="key0">14.754828205192215, 24.034889793333495</data>
    </node>
    <node id="n15">
      <data key="key0">14.311681104286736, 23.711705779416214</data>
    </node>
    <node id="n16">
      <data key="key0">14.538670021135879, 23.490737011651209</data>
    </node>
    <node id="n17">
      <data key="key0">14.489491605638907, 23.88449110977897</data>
    </node>
    <node id="n18">
      <data key="key0">14.6957564838367, 23.447741387378176</data>
    </node>
    <node id="n19">
      <data key="key0">14.793637849360675, 23.53946464308078</data>
    </node>
    <node id="n20">
      <data key="key0">14.889224693191867, 23.885848729950791</data>
    </node>
    <node id="n21">
      <data key="key0">14.653683256310703, 23.57709704798226</data>
    </node>
    <node id="n22">
      <data key="key0">14.508556939144823, 23.992816729703584</data>
    </node>
    <node id="n23">
      <data key="key0">14.788874648332834, 23.67424462962968</data>
    </node>
    <node id="n24">
      <data key="key0">14.361378060236587, 23.85203147136102</data>
    </node>
    <node id="n25">
      <data key="key0">14.563600212543356, 23.831359521204778</data>
    </node>

   <!-- edges -->
    <edge id="e0" source="n0" target="n2">
      <data key="key6">1</data>
    </edge>
    <edge id="e1" source="n0" target="n11">
      <data key="key6">1</data>
    </edge>
    <edge id="e2" source="n1" target="n0">
      <data key="key6">9</data>
    </edge>
    <edge id="e3" source="n1" target="n1">
      <data key="key6">9</data>
    </edge>
    <edge id="e4" source="n1" target="n2">
      <data key="key6">9</data>
    </edge>
    <edge id="e5" source="n1" target="n3">
      <data key="key6">9</data>
    </edge>
    <edge id="e6" source="n1" target="n4">
      <data key="key6">9</data>
    </edge>
    <edge id="e7" source="n1" target="n5">
      <data key="key6">9</data>
    </edge>
    <edge id="e8" source="n1" target="n6">
      <data key="key6">9</data>
    </edge>
    <edge id="e9" source="n1" target="n7">
      <data key="key6">9</data>
    </edge>
    <edge id="e10" source="n1" target="n8">
      <data key="key6">9</data>
    </edge>
    <edge id="e11" source="n1" target="n9">
      <data key="key6">9</data>
    </edge>
    <edge id="e12" source="n1" target="n10">
      <data key="key6">9</data>
    </edge>
    <edge id="e13" source="n1" target="n11">
      <data key="key6">9</data>
    </edge>
    <edge id="e14" source="n1" target="n12">
      <data key="key6">9</data>
    </edge>
    <edge id="e15" source="n1" target="n13">
      <data key="key6">9</data>
    </edge>
    <edge id="e16" source="n1" target="n14">
      <data key="key6">9</data>
    </edge>
    <edge id="e17" source="n1" target="n15">
      <data key="key6">9</data>
    </edge>
    <edge id="e18" source="n1" target="n16">
      <data key="key6">9</data>
    </edge>
    <edge id="e19" source="n1" target="n17">
      <data key="key6">9</data>
    </edge>
    <edge id="e20" source="n1" target="n18">
      <data key="key6">9</data>
    </edge>
    <edge id="e21" source="n1" target="n19">
      <data key="key6">9</data>
    </edge>
    <edge id="e22" source="n1" target="n20">
      <data key="key6">9</data>
    </edge>
    <edge id="e23" source="n1" target="n21">
      <data key="key6">9</data>
    </edge>
    <edge id="e24" source="n1" target="n22">
      <data key="key6">9</data>
    </edge>
    <edge id="e25" source="n1" target="n23">
      <data key="key6">9</data>
    </edge>
    <edge id="e26" source="n1" target="n24">
      <data key="key6">9</data>
    </edge>
    <edge id="e27" source="n1" target="n25">
      <data key="key6">9</data>
    </edge>
    <edge id="e28" source="n2" target="n0">
      <data key="key6">1</data>
    </edge>
    <edge id="e29" source="n2" target="n1">
      <data key="key6">1</data>
    </edge>
    <edge id="e30" source="n2" target="n5">
      <data key="key6">1</data>
    </edge>
    <edge id="e31" source="n2" target="n6">
      <data key="key6">1</data>
    </edge>
    <edge id="e32" source="n2" target="n7">
      <data key="key6">1</data>
    </edge>
    <edge id="e33" source="n2" target="n9">
      <data key="key6">1</data>
    </edge>
    <edge id="e34" source="n2" target="n11">
      <data key="key6">1</data>
    </edge>
    <edge id="e35" source="n2" target="n14">
      <data key="key6">1</data>
    </edge>
    <edge id="e36" source="n3" target="n17">
      <data key="key6">1</data>
    </edge>
    <edge id="e37" source="n3" target="n22">
      <data key="key6">1</data>
    </edge>
    <edge id="e38" source="n4" target="n13">
      <data key="key6">1</data>
    </edge>
    <edge id="e39" source="n5" target="n0">
      <data key="key6">1</data>
    </edge>
    <edge id="e40" source="n5" target="n1">
      <data key="key6">1</data>
    </edge>
    <edge id="e41" source="n5" target="n2">
      <data key="key6">1</data>
    </edge>
    <edge id="e42" source="n5" target="n6">
      <data key="key6">1</data>
    </edge>
    <edge id="e43" source="n5" target="n7">
      <data key="key6">1</data>
    </edge>
    <edge id="e44" source="n5" target="n9">
      <data key="key6">1</data>
    </edge>
    <edge id="e45" source="n5" target="n10">
      <data key="key6">1</data>
    </edge>
    <edge id="e46" source="n5" target="n11">
      <data key="key6">1</data>
    </edge>
    <edge id="e47" source="n5" target="n14">
      <data key="key6">1</data>
    </edge>
    <edge id="e48" source="n5" target="n20">
      <data key="key6">1</data>
    </edge>
    <edge id="e49" source="n5" target="n21">
      <data key="key6">1</data>
    </edge>
    <edge id="e50" source="n5" target="n23">
      <data key="key6">1</data>
    </edge>
    <edge id="e51" source="n6" target="n1">
      <data key="key6">1</data>
    </edge>
    <edge id="e52" source="n6" target="n2">
      <data key="key6">1</data>
    </edge>
    <edge id="e53" source="n6" target="n9">
      <data key="key6">1</data>
    </edge>
    <edge id="e54" source="n6" target="n11">
      <data key="key6">1</data>
    </edge>
    <edge id="e55" source="n7" target="n3">
      <data key="key6">1</data>
    </edge>
    <edge id="e56" source="n7" target="n9">
      <data key="key6">1</data>
    </edge>
    <edge id="e57" source="n7" target="n14">
      <data key="key6">1</data>
    </edge>
    <edge id="e58" source="n7" target="n17">
      <data key="key6">1</data>
    </edge>
    <edge id="e59" source="n7" target="n22">
      <data key="key6">1</data>
    </edge>
    <edge id="e60" source="n7" target="n25">
      <data key="key6">1</data>
    </edge>
    <edge id="e61" source="n8" target="n19">
      <data key="key6">1</data>
    </edge>
    <edge id="e62" source="n8" target="n23">
      <data key="key6">1</data>
    </edge>
    <edge id="e63" source="n9" target="n0">
      <data key="key6">1</data>
    </edge>
    <edge id="e64" source="n9" target="n1">
      <data key="key6">1</data>
    </edge>
    <edge id="e65" source="n9" target="n2">
      <data key="key6">1</data>
    </edge>
    <edge id="e66" source="n9" target="n3">
      <data key="key6">1</data>
    </edge>
    <edge id="e67" source="n9" target="n6">
      <data key="key6">1</data>
    </edge>
    <edge id="e68" source="n9" target="n7">
      <data key="key6">1</data>
    </edge>
    <edge id="e69" source="n9" target="n17">
      <data key="key6">1</data>
    </edge>
    <edge id="e70" source="n9" target="n22">
      <data key="key6">1</data>
    </edge>
    <edge id="e71" source="n10" target="n1">
      <data key="key6">1</data>
    </edge>
    <edge id="e72" source="n10" target="n7">
      <data key="key6">1</data>
    </edge>
    <edge id="e73" source="n10" target="n9">
      <data key="key6">1</data>
    </edge>
    <edge id="e74" source="n10" target="n11">
      <data key="key6">1</data>
    </edge>
    <edge id="e75" source="n10" target="n20">
      <data key="key6">1</data>
    </edge>
    <edge id="e76" source="n11" target="n0">
      <data key="key6">1</data>
    </edge>
    <edge id="e77" source="n11" target="n2">
      <data key="key6">1</data>
    </edge>
    <edge id="e78" source="n11" target="n5">
      <data key="key6">1</data>
    </edge>
    <edge id="e79" source="n11" target="n6">
      <data key="key6">1</data>
    </edge>
    <edge id="e80" source="n11" target="n7">
      <data key="key6">1</data>
    </edge>
    <edge id="e81" source="n11" target="n9">
      <data key="key6">1</data>
    </edge>
    <edge id="e82" source="n11" target="n10">
      <data key="key6">1</data>
    </edge>
    <edge id="e83" source="n11" target="n14">
      <data key="key6">1</data>
    </edge>
    <edge id="e84" source="n12" target="n0">
      <data key="key6">1</data>
    </edge>
    <edge id="e85" source="n12" target="n2">
      <data key="key6">1</data>
    </edge>
    <edge id="e86" source="n12" target="n3">
      <data key="key6">1</data>
    </edge>
    <edge id="e87" source="n12" target="n6">
      <data key="key6">1</data>
    </edge>
    <edge id="e88" source="n12" target="n9">
      <data key="key6">1</data>
    </edge>
    <edge id="e89" source="n12" target="n25">
      <data key="key6">1</data>
    </edge>
    <edge id="e90" source="n13" target="n3">
      <data key="key6">1</data>
    </edge>
    <edge id="e91" source="n13" target="n4">
      <data key="key6">1</data>
    </edge>
    <edge id="e92" source="n13" target="n15">
      <data key="key6">1</data>
    </edge>
    <edge id="e93" source="n13" target="n17">
      <data key="key6">1</data>
    </edge>
    <edge id="e94" source="n13" target="n22">
      <data key="key6">1</data>
    </edge>
    <edge id="e95" source="n13" target="n24">
      <data key="key6">1</data>
    </edge>
    <edge id="e96" source="n14" target="n5">
      <data key="key6">1</data>
    </edge>
    <edge id="e97" source="n14" target="n7">
      <data key="key6">1</data>
    </edge>
    <edge id="e98" source="n14" target="n11">
      <data key="key6">1</data>
    </edge>
    <edge id="e99" source="n14" target="n14">
      <data key="key6">1</data>
    </edge>
    <edge id="e100" source="n15" target="n4">
      <data key="key6">1</data>
    </edge>
    <edge id="e101" source="n15" target="n24">
      <data key="key6">1</data>
    </edge>
    <edge id="e102" source="n16" target="n21">
      <data key="key6">1</data>
    </edge>
    <edge id="e103" source="n17" target="n3">
      <data key="key6">1</data>
    </edge>
    <edge id="e104" source="n17" target="n7">
      <data key="key6">1</data>
    </edge>
    <edge id="e105" source="n17" target="n9">
      <data key="key6">1</data>
    </edge>
    <edge id="e106" source="n17" target="n22">
      <data key="key6">1</data>
    </edge>
    <edge id="e107" source="n17" target="n25">
      <data key="key6">1</data>
    </edge>
    <edge id="e108" source="n18" target="n21">
      <data key="key6">1</data>
    </edge>
    <edge id="e109" source="n19" target="n1">
      <data key="key6">1</data>
    </edge>
    <edge id="e110" source="n19" target="n8">
      <data key="key6">1</data>
    </edge>
    <edge id="e111" source="n19" target="n18">
      <data key="key6">1</data>
    </edge>
    <edge id="e112" source="n20" target="n0">
      <data key="key6">1</data>
    </edge>
    <edge id="e113" source="n20" target="n1">
      <data key="key6">1</data>
    </edge>
    <edge id="e114" source="n20" target="n2">
      <data key="key6">1</data>
    </edge>
    <edge id="e115" source="n20" target="n5">
      <data key="key6">1</data>
    </edge>
    <edge id="e116" source="n20" target="n9">
      <data key="key6">1</data>
    </edge>
    <edge id="e117" source="n20" target="n10">
      <data key="key6">1</data>
    </edge>
    <edge id="e118" source="n20" target="n11">
      <data key="key6">1</data>
    </edge>
    <edge id="e119" source="n20" target="n14">
      <data key="key6">1</data>
    </edge>
    <edge id="e120" source="n21" target="n16">
      <data key="key6">1</data>
    </edge>
    <edge id="e121" source="n21" target="n18">
      <data key="key6">1</data>
    </edge>
    <edge id="e122" source="n22" target="n3">
      <data key="key6">1</data>
    </edge>
    <edge id="e123" source="n22" target="n7">
      <data key="key6">1</data>
    </edge>
    <edge id="e124" source="n22" target="n9">
      <data key="key6">1</data>
    </edge>
    <edge id="e125" source="n22" target="n17">
      <data key="key6">1</data>
    </edge>
    <edge id="e126" source="n23" target="n5">
      <data key="key6">1</data>
    </edge>
    <edge id="e127" source="n23" target="n7">
      <data key="key6">1</data>
    </edge>
    <edge id="e128" source="n23" target="n8">
      <data key="key6">1</data>
    </edge>
    <edge id="e129" source="n23" target="n10">
      <data key="key6">1</data>
    </edge>
    <edge id="e130" source="n23" target="n21">
      <data key="key6">1</data>
    </edge>
    <edge id="e131" source="n24" target="n12">
      <data key="key6">1</data>
    </edge>
    <edge id="e132" source="n24" target="n13">
      <data key="key6">1</data>
    </edge>
    <edge id="e133" source="n24" target="n15">
      <data key="key6">1</data>
    </edge>
    <edge id="e134" source="n24" target="n25">
      <data key="key6">1</data>
    </edge>
    <edge id="e135" source="n25" target="n1">
      <data key="key6">1</data>
    </edge>
    <edge id="e136" source="n25" target="n2">
      <data key="key6">1</data>
    </edge>
    <edge id="e137" source="n25" target="n3">
      <data key="key6">1</data>
    </edge>
    <edge id="e138" source="n25" target="n5">
      <data key="key6">1</data>
    </edge>
    <edge id="e139" source="n25" target="n6">
      <data key="key6">1</data>
    </edge>
    <edge id="e140" source="n25" target="n7">
      <data key="key6">1</data>
    </edge>
    <edge id="e141" source="n25" target="n9">
      <data key="key6">1</data>
    </edge>
    <edge id="e142" source="n25" target="n11">
      <data key="key6">1</data>
    </edge>
    <edge id="e143" source="n25" target="n17">
      <data key="key6">1</data>
    </edge>

  </graph>
</graphml>
