<?xml version="1.0" encoding="UTF-8"?>
<graphml xmlns="http://graphml.graphdrawing.org/xmlns"
         xmlns:xsi="http://www.w3.org/2001/XMLSchema-instance"
         xsi:schemaLocation="http://graphml.graphdrawing.org/xmlns http://graphml.graphdrawing.org/xmlns/1.0/graphml.xsd">

  <!-- property keys -->
  <key id="key0" for="node" attr.name="_pos" attr.type="vector_float" />
  <key id="key1" for="graph" attr.name="citation" attr.type="string" />
  <key id="key2" for="graph" attr.name="description" attr.type="string" />
  <key id="key3" for="graph" attr.name="name" attr.type="string" />
  <key id="key4" for="graph" attr.name="tags" attr.type="vector_string" />
  <key id="key5" for="graph" attr.name="url" attr.type="string" />
  <key id="key6" for="edge" attr.name="weight" attr.type="short" />

  <graph id="G" edgedefault="directed" parse.nodeids="canonical" parse.edgeids="canonical" parse.order="nodesfirst">

   <!-- graph properties -->
   <data key="key1">[&apos;T. Snijders, G. van de Bunt, and C. Steglich, &quot;Introduction to stochastic actor-based models for network dynamics.&quot; Social Networks 32(1), 44-60 (2010), http://www.sciencedirect.com/science/article/pii/S0378873309000069&apos;]</data>
   <data key="key2">A series of snapshots of the friendships among freshmen at secondary school in The Netherlands, in 2003-2004. Friendship ties were surveyed four times, at three month intervals. The direction of an edge indicates that student i is friends with student j. Missing data is coded as 0 or 10. Metadata includes sex, age, ethnicity, and religion.</data>
   <data key="key3">dutch_school (klas12b-net-4)</data>
   <data key="key4">Social, Offline, Unweighted, Metadata, Temporal</data>
   <data key="key5">http://www.stats.ox.ac.uk/~snijders/siena/tutorial2010_data.htm</data>

   <!-- vertices -->
    <node id="n0">
      <data key="key0">8.5051265242193477, 0.58840426636676901</data>
    </node>
    <node id="n1">
      <data key="key0">8.5628290310137771, 0.83969784910558576</data>
    </node>
    <node id="n2">
      <data key="key0">8.5117544140610821, 0.67564555684692185</data>
    </node>
    <node id="n3">
      <data key="key0">8.3817388342511592, 0.74183543914487193</data>
    </node>
    <node id="n4">
      <data key="key0">8.4791828063461594, 0.85635114173111182</data>
    </node>
    <node id="n5">
      <data key="key0">8.6327396902841009, 0.76353237744145086</data>
    </node>
    <node id="n6">
      <data key="key0">8.5699809160031464, 0.60149468624362468</data>
    </node>
    <node id="n7">
      <data key="key0">8.5466482393568892, 0.73272412136435805</data>
    </node>
    <node id="n8">
      <data key="key0">8.6560700538329076, 0.93486663626832223</data>
    </node>
    <node id="n9">
      <data key="key0">8.5724829266125919, 0.66685141153596339</data>
    </node>
    <node id="n10">
      <data key="key0">8.6282594558292853, 0.82570392128969394</data>
    </node>
    <node id="n11">
      <data key="key0">8.4588783757089629, 0.65287839086554955</data>
    </node>
    <node id="n12">
      <data key="key0">8.4245385125500967, 0.7693983312884759</data>
    </node>
    <node id="n13">
      <data key="key0">8.4087394444362396, 0.8239368579115196</data>
    </node>
    <node id="n14">
      <data key="key0">8.6164979995485371, 0.70289608302026507</data>
    </node>
    <node id="n15">
      <data key="key0">8.5065275337871782, 0.94476262326840066</data>
    </node>
    <node id="n16">
      <data key="key0">8.6930205835520997, 0.66304254016521813</data>
    </node>
    <node id="n17">
      <data key="key0">8.4901165655637385, 0.74214294730604835</data>
    </node>
    <node id="n18">
      <data key="key0">8.7284937851069913, 0.73082348485037529</data>
    </node>
    <node id="n19">
      <data key="key0">8.5962275337912626, 0.89748902549146847</data>
    </node>
    <node id="n20">
      <data key="key0">8.5524127975077207, 0.77517061454301928</data>
    </node>
    <node id="n21">
      <data key="key0">8.6884860755439082, 0.7889649779511605</data>
    </node>
    <node id="n22">
      <data key="key0">8.423381928519639, 0.69999562567765272</data>
    </node>
    <node id="n23">
      <data key="key0">8.6961517770741104, 0.8535438974912033</data>
    </node>
    <node id="n24">
      <data key="key0">8.4300155156152758, 0.90055557509197459</data>
    </node>
    <node id="n25">
      <data key="key0">8.4839946750755217, 0.79656665071978883</data>
    </node>

   <!-- edges -->
    <edge id="e0" source="n0" target="n20">
      <data key="key6">10</data>
    </edge>
    <edge id="e1" source="n1" target="n9">
      <data key="key6">1</data>
    </edge>
    <edge id="e2" source="n1" target="n10">
      <data key="key6">1</data>
    </edge>
    <edge id="e3" source="n1" target="n19">
      <data key="key6">1</data>
    </edge>
    <edge id="e4" source="n1" target="n20">
      <data key="key6">10</data>
    </edge>
    <edge id="e5" source="n1" target="n25">
      <data key="key6">1</data>
    </edge>
    <edge id="e6" source="n2" target="n0">
      <data key="key6">1</data>
    </edge>
    <edge id="e7" source="n2" target="n6">
      <data key="key6">1</data>
    </edge>
    <edge id="e8" source="n2" target="n9">
      <data key="key6">1</data>
    </edge>
    <edge id="e9" source="n2" target="n11">
      <data key="key6">1</data>
    </edge>
    <edge id="e10" source="n2" target="n12">
      <data key="key6">1</data>
    </edge>
    <edge id="e11" source="n2" target="n14">
      <data key="key6">1</data>
    </edge>
    <edge id="e12" source="n2" target="n20">
      <data key="key6">10</data>
    </edge>
    <edge id="e13" source="n3" target="n7">
      <data key="key6">1</data>
    </edge>
    <edge id="e14" source="n3" target="n12">
      <data key="key6">1</data>
    </edge>
    <edge id="e15" source="n3" target="n13">
      <data key="key6">1</data>
    </edge>
    <edge id="e16" source="n3" target="n17">
      <data key="key6">1</data>
    </edge>
    <edge id="e17" source="n3" target="n20">
      <data key="key6">10</data>
    </edge>
    <edge id="e18" source="n3" target="n22">
      <data key="key6">1</data>
    </edge>
    <edge id="e19" source="n4" target="n2">
      <data key="key6">1</data>
    </edge>
    <edge id="e20" source="n4" target="n13">
      <data key="key6">1</data>
    </edge>
    <edge id="e21" source="n4" target="n17">
      <data key="key6">1</data>
    </edge>
    <edge id="e22" source="n4" target="n20">
      <data key="key6">10</data>
    </edge>
    <edge id="e23" source="n4" target="n24">
      <data key="key6">1</data>
    </edge>
    <edge id="e24" source="n4" target="n25">
      <data key="key6">1</data>
    </edge>
    <edge id="e25" source="n5" target="n10">
      <data key="key6">1</data>
    </edge>
    <edge id="e26" source="n5" target="n14">
      <data key="key6">1</data>
    </edge>
    <edge id="e27" source="n5" target="n20">
      <data key="key6">10</data>
    </edge>
    <edge id="e28" source="n6" target="n0">
      <data key="key6">1</data>
    </edge>
    <edge id="e29" source="n6" target="n2">
      <data key="key6">1</data>
    </edge>
    <edge id="e30" source="n6" target="n9">
      <data key="key6">1</data>
    </edge>
    <edge id="e31" source="n6" target="n11">
      <data key="key6">1</data>
    </edge>
    <edge id="e32" source="n6" target="n20">
      <data key="key6">10</data>
    </edge>
    <edge id="e33" source="n7" target="n0">
      <data key="key6">1</data>
    </edge>
    <edge id="e34" source="n7" target="n1">
      <data key="key6">1</data>
    </edge>
    <edge id="e35" source="n7" target="n2">
      <data key="key6">1</data>
    </edge>
    <edge id="e36" source="n7" target="n3">
      <data key="key6">1</data>
    </edge>
    <edge id="e37" source="n7" target="n4">
      <data key="key6">1</data>
    </edge>
    <edge id="e38" source="n7" target="n9">
      <data key="key6">1</data>
    </edge>
    <edge id="e39" source="n7" target="n11">
      <data key="key6">1</data>
    </edge>
    <edge id="e40" source="n7" target="n14">
      <data key="key6">1</data>
    </edge>
    <edge id="e41" source="n7" target="n17">
      <data key="key6">1</data>
    </edge>
    <edge id="e42" source="n7" target="n20">
      <data key="key6">10</data>
    </edge>
    <edge id="e43" source="n7" target="n22">
      <data key="key6">1</data>
    </edge>
    <edge id="e44" source="n7" target="n25">
      <data key="key6">1</data>
    </edge>
    <edge id="e45" source="n8" target="n20">
      <data key="key6">10</data>
    </edge>
    <edge id="e46" source="n9" target="n0">
      <data key="key6">1</data>
    </edge>
    <edge id="e47" source="n9" target="n2">
      <data key="key6">1</data>
    </edge>
    <edge id="e48" source="n9" target="n6">
      <data key="key6">1</data>
    </edge>
    <edge id="e49" source="n9" target="n7">
      <data key="key6">1</data>
    </edge>
    <edge id="e50" source="n9" target="n11">
      <data key="key6">1</data>
    </edge>
    <edge id="e51" source="n9" target="n14">
      <data key="key6">1</data>
    </edge>
    <edge id="e52" source="n9" target="n20">
      <data key="key6">10</data>
    </edge>
    <edge id="e53" source="n10" target="n1">
      <data key="key6">1</data>
    </edge>
    <edge id="e54" source="n10" target="n5">
      <data key="key6">1</data>
    </edge>
    <edge id="e55" source="n10" target="n14">
      <data key="key6">1</data>
    </edge>
    <edge id="e56" source="n10" target="n20">
      <data key="key6">10</data>
    </edge>
    <edge id="e57" source="n11" target="n12">
      <data key="key6">1</data>
    </edge>
    <edge id="e58" source="n11" target="n13">
      <data key="key6">1</data>
    </edge>
    <edge id="e59" source="n11" target="n20">
      <data key="key6">10</data>
    </edge>
    <edge id="e60" source="n11" target="n22">
      <data key="key6">1</data>
    </edge>
    <edge id="e61" source="n12" target="n3">
      <data key="key6">1</data>
    </edge>
    <edge id="e62" source="n12" target="n17">
      <data key="key6">1</data>
    </edge>
    <edge id="e63" source="n12" target="n20">
      <data key="key6">10</data>
    </edge>
    <edge id="e64" source="n12" target="n22">
      <data key="key6">1</data>
    </edge>
    <edge id="e65" source="n12" target="n24">
      <data key="key6">1</data>
    </edge>
    <edge id="e66" source="n12" target="n25">
      <data key="key6">1</data>
    </edge>
    <edge id="e67" source="n13" target="n3">
      <data key="key6">1</data>
    </edge>
    <edge id="e68" source="n13" target="n4">
      <data key="key6">1</data>
    </edge>
    <edge id="e69" source="n13" target="n12">
      <data key="key6">1</data>
    </edge>
    <edge id="e70" source="n13" target="n15">
      <data key="key6">1</data>
    </edge>
    <edge id="e71" source="n13" target="n17">
      <data key="key6">1</data>
    </edge>
    <edge id="e72" source="n13" target="n20">
      <data key="key6">10</data>
    </edge>
    <edge id="e73" source="n13" target="n22">
      <data key="key6">1</data>
    </edge>
    <edge id="e74" source="n13" target="n24">
      <data key="key6">1</data>
    </edge>
    <edge id="e75" source="n13" target="n25">
      <data key="key6">1</data>
    </edge>
    <edge id="e76" source="n14" target="n5">
      <data key="key6">1</data>
    </edge>
    <edge id="e77" source="n14" target="n7">
      <data key="key6">1</data>
    </edge>
    <edge id="e78" source="n14" target="n9">
      <data key="key6">1</data>
    </edge>
    <edge id="e79" source="n14" target="n10">
      <data key="key6">1</data>
    </edge>
    <edge id="e80" source="n14" target="n11">
      <data key="key6">1</data>
    </edge>
    <edge id="e81" source="n14" target="n20">
      <data key="key6">10</data>
    </edge>
    <edge id="e82" source="n15" target="n8">
      <data key="key6">1</data>
    </edge>
    <edge id="e83" source="n15" target="n20">
      <data key="key6">10</data>
    </edge>
    <edge id="e84" source="n15" target="n24">
      <data key="key6">1</data>
    </edge>
    <edge id="e85" source="n16" target="n9">
      <data key="key6">1</data>
    </edge>
    <edge id="e86" source="n16" target="n20">
      <data key="key6">10</data>
    </edge>
    <edge id="e87" source="n16" target="n21">
      <data key="key6">1</data>
    </edge>
    <edge id="e88" source="n17" target="n1">
      <data key="key6">1</data>
    </edge>
    <edge id="e89" source="n17" target="n3">
      <data key="key6">1</data>
    </edge>
    <edge id="e90" source="n17" target="n5">
      <data key="key6">1</data>
    </edge>
    <edge id="e91" source="n17" target="n6">
      <data key="key6">1</data>
    </edge>
    <edge id="e92" source="n17" target="n7">
      <data key="key6">1</data>
    </edge>
    <edge id="e93" source="n17" target="n9">
      <data key="key6">1</data>
    </edge>
    <edge id="e94" source="n17" target="n10">
      <data key="key6">1</data>
    </edge>
    <edge id="e95" source="n17" target="n13">
      <data key="key6">1</data>
    </edge>
    <edge id="e96" source="n17" target="n14">
      <data key="key6">1</data>
    </edge>
    <edge id="e97" source="n17" target="n20">
      <data key="key6">10</data>
    </edge>
    <edge id="e98" source="n17" target="n22">
      <data key="key6">1</data>
    </edge>
    <edge id="e99" source="n17" target="n25">
      <data key="key6">1</data>
    </edge>
    <edge id="e100" source="n18" target="n7">
      <data key="key6">1</data>
    </edge>
    <edge id="e101" source="n18" target="n20">
      <data key="key6">10</data>
    </edge>
    <edge id="e102" source="n18" target="n21">
      <data key="key6">1</data>
    </edge>
    <edge id="e103" source="n19" target="n1">
      <data key="key6">1</data>
    </edge>
    <edge id="e104" source="n19" target="n7">
      <data key="key6">1</data>
    </edge>
    <edge id="e105" source="n19" target="n10">
      <data key="key6">1</data>
    </edge>
    <edge id="e106" source="n19" target="n20">
      <data key="key6">10</data>
    </edge>
    <edge id="e107" source="n20" target="n0">
      <data key="key6">10</data>
    </edge>
    <edge id="e108" source="n20" target="n1">
      <data key="key6">10</data>
    </edge>
    <edge id="e109" source="n20" target="n2">
      <data key="key6">10</data>
    </edge>
    <edge id="e110" source="n20" target="n3">
      <data key="key6">10</data>
    </edge>
    <edge id="e111" source="n20" target="n4">
      <data key="key6">10</data>
    </edge>
    <edge id="e112" source="n20" target="n5">
      <data key="key6">10</data>
    </edge>
    <edge id="e113" source="n20" target="n6">
      <data key="key6">10</data>
    </edge>
    <edge id="e114" source="n20" target="n7">
      <data key="key6">10</data>
    </edge>
    <edge id="e115" source="n20" target="n8">
      <data key="key6">10</data>
    </edge>
    <edge id="e116" source="n20" target="n9">
      <data key="key6">10</data>
    </edge>
    <edge id="e117" source="n20" target="n10">
      <data key="key6">10</data>
    </edge>
    <edge id="e118" source="n20" target="n11">
      <data key="key6">10</data>
    </edge>
    <edge id="e119" source="n20" target="n12">
      <data key="key6">10</data>
    </edge>
    <edge id="e120" source="n20" target="n13">
      <data key="key6">10</data>
    </edge>
    <edge id="e121" source="n20" target="n14">
      <data key="key6">10</data>
    </edge>
    <edge id="e122" source="n20" target="n15">
      <data key="key6">10</data>
    </edge>
    <edge id="e123" source="n20" target="n16">
      <data key="key6">10</data>
    </edge>
    <edge id="e124" source="n20" target="n17">
      <data key="key6">10</data>
    </edge>
    <edge id="e125" source="n20" target="n18">
      <data key="key6">10</data>
    </edge>
    <edge id="e126" source="n20" target="n19">
      <data key="key6">10</data>
    </edge>
    <edge id="e127" source="n20" target="n20">
      <data key="key6">10</data>
    </edge>
    <edge id="e128" source="n20" target="n21">
      <data key="key6">10</data>
    </edge>
    <edge id="e129" source="n20" target="n22">
      <data key="key6">10</data>
    </edge>
    <edge id="e130" source="n20" target="n23">
      <data key="key6">10</data>
    </edge>
    <edge id="e131" source="n20" target="n24">
      <data key="key6">10</data>
    </edge>
    <edge id="e132" source="n20" target="n25">
      <data key="key6">10</data>
    </edge>
    <edge id="e133" source="n21" target="n1">
      <data key="key6">1</data>
    </edge>
    <edge id="e134" source="n21" target="n5">
      <data key="key6">1</data>
    </edge>
    <edge id="e135" source="n21" target="n7">
      <data key="key6">1</data>
    </edge>
    <edge id="e136" source="n21" target="n8">
      <data key="key6">1</data>
    </edge>
    <edge id="e137" source="n21" target="n14">
      <data key="key6">1</data>
    </edge>
    <edge id="e138" source="n21" target="n16">
      <data key="key6">1</data>
    </edge>
    <edge id="e139" source="n21" target="n18">
      <data key="key6">1</data>
    </edge>
    <edge id="e140" source="n21" target="n19">
      <data key="key6">1</data>
    </edge>
    <edge id="e141" source="n21" target="n20">
      <data key="key6">10</data>
    </edge>
    <edge id="e142" source="n21" target="n23">
      <data key="key6">1</data>
    </edge>
    <edge id="e143" source="n22" target="n3">
      <data key="key6">1</data>
    </edge>
    <edge id="e144" source="n22" target="n7">
      <data key="key6">1</data>
    </edge>
    <edge id="e145" source="n22" target="n11">
      <data key="key6">1</data>
    </edge>
    <edge id="e146" source="n22" target="n12">
      <data key="key6">1</data>
    </edge>
    <edge id="e147" source="n22" target="n17">
      <data key="key6">1</data>
    </edge>
    <edge id="e148" source="n22" target="n20">
      <data key="key6">10</data>
    </edge>
    <edge id="e149" source="n22" target="n25">
      <data key="key6">1</data>
    </edge>
    <edge id="e150" source="n23" target="n5">
      <data key="key6">1</data>
    </edge>
    <edge id="e151" source="n23" target="n7">
      <data key="key6">1</data>
    </edge>
    <edge id="e152" source="n23" target="n8">
      <data key="key6">1</data>
    </edge>
    <edge id="e153" source="n23" target="n10">
      <data key="key6">1</data>
    </edge>
    <edge id="e154" source="n23" target="n20">
      <data key="key6">10</data>
    </edge>
    <edge id="e155" source="n23" target="n21">
      <data key="key6">1</data>
    </edge>
    <edge id="e156" source="n24" target="n15">
      <data key="key6">1</data>
    </edge>
    <edge id="e157" source="n24" target="n20">
      <data key="key6">10</data>
    </edge>
    <edge id="e158" source="n24" target="n25">
      <data key="key6">1</data>
    </edge>
    <edge id="e159" source="n25" target="n1">
      <data key="key6">1</data>
    </edge>
    <edge id="e160" source="n25" target="n2">
      <data key="key6">1</data>
    </edge>
    <edge id="e161" source="n25" target="n3">
      <data key="key6">1</data>
    </edge>
    <edge id="e162" source="n25" target="n5">
      <data key="key6">1</data>
    </edge>
    <edge id="e163" source="n25" target="n7">
      <data key="key6">1</data>
    </edge>
    <edge id="e164" source="n25" target="n9">
      <data key="key6">1</data>
    </edge>
    <edge id="e165" source="n25" target="n12">
      <data key="key6">1</data>
    </edge>
    <edge id="e166" source="n25" target="n13">
      <data key="key6">1</data>
    </edge>
    <edge id="e167" source="n25" target="n17">
      <data key="key6">1</data>
    </edge>
    <edge id="e168" source="n25" target="n20">
      <data key="key6">10</data>
    </edge>
    <edge id="e169" source="n25" target="n24">
      <data key="key6">1</data>
    </edge>

  </graph>
</graphml>
