<?xml version="1.0" encoding="UTF-8"?>
<graphml xmlns="http://graphml.graphdrawing.org/xmlns"
         xmlns:xsi="http://www.w3.org/2001/XMLSchema-instance"
         xsi:schemaLocation="http://graphml.graphdrawing.org/xmlns http://graphml.graphdrawing.org/xmlns/1.0/graphml.xsd">

  <!-- property keys -->
  <key id="key0" for="node" attr.name="_pos" attr.type="vector_float" />
  <key id="key1" for="graph" attr.name="citation" attr.type="string" />
  <key id="key2" for="graph" attr.name="description" attr.type="string" />
  <key id="key3" for="graph" attr.name="name" attr.type="string" />
  <key id="key4" for="graph" attr.name="tags" attr.type="vector_string" />
  <key id="key5" for="graph" attr.name="url" attr.type="string" />
  <key id="key6" for="edge" attr.name="weight" attr.type="short" />

  <graph id="G" edgedefault="directed" parse.nodeids="canonical" parse.edgeids="canonical" parse.order="nodesfirst">

   <!-- graph properties -->
   <data key="key1">[&apos;T. Snijders, G. van de Bunt, and C. Steglich, &quot;Introduction to stochastic actor-based models for network dynamics.&quot; Social Networks 32(1), 44-60 (2010), http://www.sciencedirect.com/science/article/pii/S0378873309000069&apos;]</data>
   <data key="key2">A series of snapshots of the friendships among freshmen at secondary school in The Netherlands, in 2003-2004. Friendship ties were surveyed four times, at three month intervals. The direction of an edge indicates that student i is friends with student j. Missing data is coded as 0 or 10. Metadata includes sex, age, ethnicity, and religion.</data>
   <data key="key3">dutch_school (klas12b-net-3m)</data>
   <data key="key4">Social, Offline, Unweighted, Metadata, Temporal</data>
   <data key="key5">http://www.stats.ox.ac.uk/~snijders/siena/tutorial2010_data.htm</data>

   <!-- vertices -->
    <node id="n0">
      <data key="key0">10.687703498054528, 8.1247160677073715</data>
    </node>
    <node id="n1">
      <data key="key0">10.853526314156166, 7.8827213107388445</data>
    </node>
    <node id="n2">
      <data key="key0">10.562122498621493, 7.9656963472172464</data>
    </node>
    <node id="n3">
      <data key="key0">10.573785622539411, 7.8211680140768811</data>
    </node>
    <node id="n4">
      <data key="key0">10.583275740876223, 7.3770126101373377</data>
    </node>
    <node id="n5">
      <data key="key0">10.935644206841625, 7.7974182116996014</data>
    </node>
    <node id="n6">
      <data key="key0">10.710931014204228, 7.9599647338975696</data>
    </node>
    <node id="n7">
      <data key="key0">11.029187966368816, 7.9071755061030826</data>
    </node>
    <node id="n8">
      <data key="key0">11.050048004352488, 7.3130687540806916</data>
    </node>
    <node id="n9">
      <data key="key0">10.721592681110332, 7.8239716303418714</data>
    </node>
    <node id="n10">
      <data key="key0">11.176082783390537, 7.8426594834840158</data>
    </node>
    <node id="n11">
      <data key="key0">10.917368073771012, 8.0311902566424127</data>
    </node>
    <node id="n12">
      <data key="key0">10.427780062256016, 7.8204842900189213</data>
    </node>
    <node id="n13">
      <data key="key0">10.355729113380409, 7.6172316499140234</data>
    </node>
    <node id="n14">
      <data key="key0">11.027203173639597, 7.7256642182144279</data>
    </node>
    <node id="n15">
      <data key="key0">10.804258516047133, 7.5618746820575842</data>
    </node>
    <node id="n16">
      <data key="key0">10.842077697559569, 7.2751526826461816</data>
    </node>
    <node id="n17">
      <data key="key0">10.656589379828466, 7.5503229077495071</data>
    </node>
    <node id="n18">
      <data key="key0">10.726203412339808, 7.6790143639230468</data>
    </node>
    <node id="n19">
      <data key="key0">11.127249828290491, 7.4813561294906474</data>
    </node>
    <node id="n20">
      <data key="key0">10.826387700915113, 7.6863355026455107</data>
    </node>
    <node id="n21">
      <data key="key0">10.983780985672325, 7.5746274716336019</data>
    </node>
    <node id="n22">
      <data key="key0">10.498928707760154, 7.5921333199729606</data>
    </node>
    <node id="n23">
      <data key="key0">11.207293811736083, 7.6385902606348886</data>
    </node>
    <node id="n24">
      <data key="key0">10.427296125746814, 7.431740085362831</data>
    </node>
    <node id="n25">
      <data key="key0">10.568582772413059, 7.7060862616565728</data>
    </node>

   <!-- edges -->
    <edge id="e0" source="n0" target="n20">
      <data key="key6">9</data>
    </edge>
    <edge id="e1" source="n1" target="n0">
      <data key="key6">1</data>
    </edge>
    <edge id="e2" source="n1" target="n2">
      <data key="key6">1</data>
    </edge>
    <edge id="e3" source="n1" target="n6">
      <data key="key6">1</data>
    </edge>
    <edge id="e4" source="n1" target="n9">
      <data key="key6">1</data>
    </edge>
    <edge id="e5" source="n1" target="n10">
      <data key="key6">1</data>
    </edge>
    <edge id="e6" source="n1" target="n11">
      <data key="key6">1</data>
    </edge>
    <edge id="e7" source="n1" target="n14">
      <data key="key6">1</data>
    </edge>
    <edge id="e8" source="n1" target="n19">
      <data key="key6">1</data>
    </edge>
    <edge id="e9" source="n1" target="n20">
      <data key="key6">9</data>
    </edge>
    <edge id="e10" source="n1" target="n22">
      <data key="key6">1</data>
    </edge>
    <edge id="e11" source="n1" target="n25">
      <data key="key6">1</data>
    </edge>
    <edge id="e12" source="n2" target="n13">
      <data key="key6">1</data>
    </edge>
    <edge id="e13" source="n2" target="n18">
      <data key="key6">1</data>
    </edge>
    <edge id="e14" source="n2" target="n20">
      <data key="key6">9</data>
    </edge>
    <edge id="e15" source="n3" target="n0">
      <data key="key6">1</data>
    </edge>
    <edge id="e16" source="n3" target="n1">
      <data key="key6">1</data>
    </edge>
    <edge id="e17" source="n3" target="n2">
      <data key="key6">1</data>
    </edge>
    <edge id="e18" source="n3" target="n4">
      <data key="key6">1</data>
    </edge>
    <edge id="e19" source="n3" target="n6">
      <data key="key6">1</data>
    </edge>
    <edge id="e20" source="n3" target="n7">
      <data key="key6">1</data>
    </edge>
    <edge id="e21" source="n3" target="n9">
      <data key="key6">1</data>
    </edge>
    <edge id="e22" source="n3" target="n11">
      <data key="key6">1</data>
    </edge>
    <edge id="e23" source="n3" target="n12">
      <data key="key6">1</data>
    </edge>
    <edge id="e24" source="n3" target="n17">
      <data key="key6">1</data>
    </edge>
    <edge id="e25" source="n3" target="n20">
      <data key="key6">9</data>
    </edge>
    <edge id="e26" source="n3" target="n22">
      <data key="key6">1</data>
    </edge>
    <edge id="e27" source="n3" target="n25">
      <data key="key6">1</data>
    </edge>
    <edge id="e28" source="n4" target="n3">
      <data key="key6">1</data>
    </edge>
    <edge id="e29" source="n4" target="n13">
      <data key="key6">1</data>
    </edge>
    <edge id="e30" source="n4" target="n17">
      <data key="key6">1</data>
    </edge>
    <edge id="e31" source="n4" target="n20">
      <data key="key6">9</data>
    </edge>
    <edge id="e32" source="n4" target="n22">
      <data key="key6">1</data>
    </edge>
    <edge id="e33" source="n5" target="n2">
      <data key="key6">1</data>
    </edge>
    <edge id="e34" source="n5" target="n6">
      <data key="key6">1</data>
    </edge>
    <edge id="e35" source="n5" target="n7">
      <data key="key6">1</data>
    </edge>
    <edge id="e36" source="n5" target="n9">
      <data key="key6">1</data>
    </edge>
    <edge id="e37" source="n5" target="n10">
      <data key="key6">1</data>
    </edge>
    <edge id="e38" source="n5" target="n11">
      <data key="key6">1</data>
    </edge>
    <edge id="e39" source="n5" target="n14">
      <data key="key6">1</data>
    </edge>
    <edge id="e40" source="n5" target="n18">
      <data key="key6">1</data>
    </edge>
    <edge id="e41" source="n5" target="n20">
      <data key="key6">9</data>
    </edge>
    <edge id="e42" source="n5" target="n21">
      <data key="key6">1</data>
    </edge>
    <edge id="e43" source="n5" target="n23">
      <data key="key6">1</data>
    </edge>
    <edge id="e44" source="n6" target="n0">
      <data key="key6">1</data>
    </edge>
    <edge id="e45" source="n6" target="n1">
      <data key="key6">1</data>
    </edge>
    <edge id="e46" source="n6" target="n2">
      <data key="key6">1</data>
    </edge>
    <edge id="e47" source="n6" target="n3">
      <data key="key6">1</data>
    </edge>
    <edge id="e48" source="n6" target="n9">
      <data key="key6">1</data>
    </edge>
    <edge id="e49" source="n6" target="n11">
      <data key="key6">1</data>
    </edge>
    <edge id="e50" source="n6" target="n12">
      <data key="key6">1</data>
    </edge>
    <edge id="e51" source="n6" target="n14">
      <data key="key6">1</data>
    </edge>
    <edge id="e52" source="n6" target="n17">
      <data key="key6">1</data>
    </edge>
    <edge id="e53" source="n6" target="n20">
      <data key="key6">9</data>
    </edge>
    <edge id="e54" source="n6" target="n22">
      <data key="key6">1</data>
    </edge>
    <edge id="e55" source="n7" target="n20">
      <data key="key6">9</data>
    </edge>
    <edge id="e56" source="n8" target="n20">
      <data key="key6">9</data>
    </edge>
    <edge id="e57" source="n9" target="n1">
      <data key="key6">1</data>
    </edge>
    <edge id="e58" source="n9" target="n2">
      <data key="key6">1</data>
    </edge>
    <edge id="e59" source="n9" target="n3">
      <data key="key6">1</data>
    </edge>
    <edge id="e60" source="n9" target="n6">
      <data key="key6">1</data>
    </edge>
    <edge id="e61" source="n9" target="n7">
      <data key="key6">1</data>
    </edge>
    <edge id="e62" source="n9" target="n14">
      <data key="key6">1</data>
    </edge>
    <edge id="e63" source="n9" target="n17">
      <data key="key6">1</data>
    </edge>
    <edge id="e64" source="n9" target="n20">
      <data key="key6">9</data>
    </edge>
    <edge id="e65" source="n9" target="n22">
      <data key="key6">1</data>
    </edge>
    <edge id="e66" source="n10" target="n1">
      <data key="key6">1</data>
    </edge>
    <edge id="e67" source="n10" target="n5">
      <data key="key6">1</data>
    </edge>
    <edge id="e68" source="n10" target="n14">
      <data key="key6">1</data>
    </edge>
    <edge id="e69" source="n10" target="n20">
      <data key="key6">9</data>
    </edge>
    <edge id="e70" source="n11" target="n0">
      <data key="key6">1</data>
    </edge>
    <edge id="e71" source="n11" target="n1">
      <data key="key6">1</data>
    </edge>
    <edge id="e72" source="n11" target="n2">
      <data key="key6">1</data>
    </edge>
    <edge id="e73" source="n11" target="n5">
      <data key="key6">1</data>
    </edge>
    <edge id="e74" source="n11" target="n6">
      <data key="key6">1</data>
    </edge>
    <edge id="e75" source="n11" target="n7">
      <data key="key6">1</data>
    </edge>
    <edge id="e76" source="n11" target="n10">
      <data key="key6">1</data>
    </edge>
    <edge id="e77" source="n11" target="n14">
      <data key="key6">1</data>
    </edge>
    <edge id="e78" source="n11" target="n20">
      <data key="key6">9</data>
    </edge>
    <edge id="e79" source="n12" target="n0">
      <data key="key6">1</data>
    </edge>
    <edge id="e80" source="n12" target="n3">
      <data key="key6">1</data>
    </edge>
    <edge id="e81" source="n12" target="n5">
      <data key="key6">1</data>
    </edge>
    <edge id="e82" source="n12" target="n6">
      <data key="key6">1</data>
    </edge>
    <edge id="e83" source="n12" target="n17">
      <data key="key6">1</data>
    </edge>
    <edge id="e84" source="n12" target="n20">
      <data key="key6">9</data>
    </edge>
    <edge id="e85" source="n12" target="n22">
      <data key="key6">1</data>
    </edge>
    <edge id="e86" source="n12" target="n24">
      <data key="key6">1</data>
    </edge>
    <edge id="e87" source="n12" target="n25">
      <data key="key6">1</data>
    </edge>
    <edge id="e88" source="n13" target="n3">
      <data key="key6">1</data>
    </edge>
    <edge id="e89" source="n13" target="n4">
      <data key="key6">1</data>
    </edge>
    <edge id="e90" source="n13" target="n12">
      <data key="key6">1</data>
    </edge>
    <edge id="e91" source="n13" target="n17">
      <data key="key6">1</data>
    </edge>
    <edge id="e92" source="n13" target="n20">
      <data key="key6">9</data>
    </edge>
    <edge id="e93" source="n13" target="n22">
      <data key="key6">1</data>
    </edge>
    <edge id="e94" source="n13" target="n24">
      <data key="key6">1</data>
    </edge>
    <edge id="e95" source="n13" target="n25">
      <data key="key6">1</data>
    </edge>
    <edge id="e96" source="n14" target="n1">
      <data key="key6">1</data>
    </edge>
    <edge id="e97" source="n14" target="n5">
      <data key="key6">1</data>
    </edge>
    <edge id="e98" source="n14" target="n7">
      <data key="key6">1</data>
    </edge>
    <edge id="e99" source="n14" target="n9">
      <data key="key6">1</data>
    </edge>
    <edge id="e100" source="n14" target="n10">
      <data key="key6">1</data>
    </edge>
    <edge id="e101" source="n14" target="n11">
      <data key="key6">1</data>
    </edge>
    <edge id="e102" source="n14" target="n17">
      <data key="key6">1</data>
    </edge>
    <edge id="e103" source="n14" target="n18">
      <data key="key6">1</data>
    </edge>
    <edge id="e104" source="n14" target="n20">
      <data key="key6">9</data>
    </edge>
    <edge id="e105" source="n14" target="n21">
      <data key="key6">1</data>
    </edge>
    <edge id="e106" source="n15" target="n0">
      <data key="key6">9</data>
    </edge>
    <edge id="e107" source="n15" target="n1">
      <data key="key6">9</data>
    </edge>
    <edge id="e108" source="n15" target="n2">
      <data key="key6">9</data>
    </edge>
    <edge id="e109" source="n15" target="n3">
      <data key="key6">9</data>
    </edge>
    <edge id="e110" source="n15" target="n4">
      <data key="key6">9</data>
    </edge>
    <edge id="e111" source="n15" target="n5">
      <data key="key6">9</data>
    </edge>
    <edge id="e112" source="n15" target="n6">
      <data key="key6">9</data>
    </edge>
    <edge id="e113" source="n15" target="n7">
      <data key="key6">9</data>
    </edge>
    <edge id="e114" source="n15" target="n8">
      <data key="key6">9</data>
    </edge>
    <edge id="e115" source="n15" target="n9">
      <data key="key6">9</data>
    </edge>
    <edge id="e116" source="n15" target="n10">
      <data key="key6">9</data>
    </edge>
    <edge id="e117" source="n15" target="n11">
      <data key="key6">9</data>
    </edge>
    <edge id="e118" source="n15" target="n12">
      <data key="key6">9</data>
    </edge>
    <edge id="e119" source="n15" target="n13">
      <data key="key6">9</data>
    </edge>
    <edge id="e120" source="n15" target="n14">
      <data key="key6">9</data>
    </edge>
    <edge id="e121" source="n15" target="n15">
      <data key="key6">9</data>
    </edge>
    <edge id="e122" source="n15" target="n16">
      <data key="key6">9</data>
    </edge>
    <edge id="e123" source="n15" target="n17">
      <data key="key6">9</data>
    </edge>
    <edge id="e124" source="n15" target="n18">
      <data key="key6">9</data>
    </edge>
    <edge id="e125" source="n15" target="n19">
      <data key="key6">9</data>
    </edge>
    <edge id="e126" source="n15" target="n20">
      <data key="key6">9</data>
    </edge>
    <edge id="e127" source="n15" target="n21">
      <data key="key6">9</data>
    </edge>
    <edge id="e128" source="n15" target="n22">
      <data key="key6">9</data>
    </edge>
    <edge id="e129" source="n15" target="n23">
      <data key="key6">9</data>
    </edge>
    <edge id="e130" source="n15" target="n24">
      <data key="key6">9</data>
    </edge>
    <edge id="e131" source="n15" target="n25">
      <data key="key6">9</data>
    </edge>
    <edge id="e132" source="n16" target="n20">
      <data key="key6">9</data>
    </edge>
    <edge id="e133" source="n16" target="n21">
      <data key="key6">1</data>
    </edge>
    <edge id="e134" source="n17" target="n3">
      <data key="key6">1</data>
    </edge>
    <edge id="e135" source="n17" target="n7">
      <data key="key6">1</data>
    </edge>
    <edge id="e136" source="n17" target="n9">
      <data key="key6">1</data>
    </edge>
    <edge id="e137" source="n17" target="n14">
      <data key="key6">1</data>
    </edge>
    <edge id="e138" source="n17" target="n20">
      <data key="key6">9</data>
    </edge>
    <edge id="e139" source="n17" target="n22">
      <data key="key6">1</data>
    </edge>
    <edge id="e140" source="n17" target="n25">
      <data key="key6">1</data>
    </edge>
    <edge id="e141" source="n18" target="n0">
      <data key="key6">9</data>
    </edge>
    <edge id="e142" source="n18" target="n1">
      <data key="key6">9</data>
    </edge>
    <edge id="e143" source="n18" target="n2">
      <data key="key6">9</data>
    </edge>
    <edge id="e144" source="n18" target="n3">
      <data key="key6">9</data>
    </edge>
    <edge id="e145" source="n18" target="n4">
      <data key="key6">9</data>
    </edge>
    <edge id="e146" source="n18" target="n5">
      <data key="key6">9</data>
    </edge>
    <edge id="e147" source="n18" target="n6">
      <data key="key6">9</data>
    </edge>
    <edge id="e148" source="n18" target="n7">
      <data key="key6">9</data>
    </edge>
    <edge id="e149" source="n18" target="n8">
      <data key="key6">9</data>
    </edge>
    <edge id="e150" source="n18" target="n9">
      <data key="key6">9</data>
    </edge>
    <edge id="e151" source="n18" target="n10">
      <data key="key6">9</data>
    </edge>
    <edge id="e152" source="n18" target="n11">
      <data key="key6">9</data>
    </edge>
    <edge id="e153" source="n18" target="n12">
      <data key="key6">9</data>
    </edge>
    <edge id="e154" source="n18" target="n13">
      <data key="key6">9</data>
    </edge>
    <edge id="e155" source="n18" target="n14">
      <data key="key6">9</data>
    </edge>
    <edge id="e156" source="n18" target="n15">
      <data key="key6">9</data>
    </edge>
    <edge id="e157" source="n18" target="n16">
      <data key="key6">9</data>
    </edge>
    <edge id="e158" source="n18" target="n17">
      <data key="key6">9</data>
    </edge>
    <edge id="e159" source="n18" target="n18">
      <data key="key6">9</data>
    </edge>
    <edge id="e160" source="n18" target="n19">
      <data key="key6">9</data>
    </edge>
    <edge id="e161" source="n18" target="n20">
      <data key="key6">9</data>
    </edge>
    <edge id="e162" source="n18" target="n21">
      <data key="key6">9</data>
    </edge>
    <edge id="e163" source="n18" target="n22">
      <data key="key6">9</data>
    </edge>
    <edge id="e164" source="n18" target="n23">
      <data key="key6">9</data>
    </edge>
    <edge id="e165" source="n18" target="n24">
      <data key="key6">9</data>
    </edge>
    <edge id="e166" source="n18" target="n25">
      <data key="key6">9</data>
    </edge>
    <edge id="e167" source="n19" target="n1">
      <data key="key6">1</data>
    </edge>
    <edge id="e168" source="n19" target="n20">
      <data key="key6">9</data>
    </edge>
    <edge id="e169" source="n20" target="n0">
      <data key="key6">9</data>
    </edge>
    <edge id="e170" source="n20" target="n1">
      <data key="key6">9</data>
    </edge>
    <edge id="e171" source="n20" target="n2">
      <data key="key6">9</data>
    </edge>
    <edge id="e172" source="n20" target="n3">
      <data key="key6">9</data>
    </edge>
    <edge id="e173" source="n20" target="n4">
      <data key="key6">9</data>
    </edge>
    <edge id="e174" source="n20" target="n5">
      <data key="key6">9</data>
    </edge>
    <edge id="e175" source="n20" target="n6">
      <data key="key6">9</data>
    </edge>
    <edge id="e176" source="n20" target="n7">
      <data key="key6">9</data>
    </edge>
    <edge id="e177" source="n20" target="n8">
      <data key="key6">9</data>
    </edge>
    <edge id="e178" source="n20" target="n9">
      <data key="key6">9</data>
    </edge>
    <edge id="e179" source="n20" target="n10">
      <data key="key6">9</data>
    </edge>
    <edge id="e180" source="n20" target="n11">
      <data key="key6">9</data>
    </edge>
    <edge id="e181" source="n20" target="n12">
      <data key="key6">9</data>
    </edge>
    <edge id="e182" source="n20" target="n13">
      <data key="key6">9</data>
    </edge>
    <edge id="e183" source="n20" target="n14">
      <data key="key6">9</data>
    </edge>
    <edge id="e184" source="n20" target="n15">
      <data key="key6">9</data>
    </edge>
    <edge id="e185" source="n20" target="n16">
      <data key="key6">9</data>
    </edge>
    <edge id="e186" source="n20" target="n17">
      <data key="key6">9</data>
    </edge>
    <edge id="e187" source="n20" target="n18">
      <data key="key6">9</data>
    </edge>
    <edge id="e188" source="n20" target="n19">
      <data key="key6">9</data>
    </edge>
    <edge id="e189" source="n20" target="n20">
      <data key="key6">9</data>
    </edge>
    <edge id="e190" source="n20" target="n21">
      <data key="key6">9</data>
    </edge>
    <edge id="e191" source="n20" target="n22">
      <data key="key6">9</data>
    </edge>
    <edge id="e192" source="n20" target="n23">
      <data key="key6">9</data>
    </edge>
    <edge id="e193" source="n20" target="n24">
      <data key="key6">9</data>
    </edge>
    <edge id="e194" source="n20" target="n25">
      <data key="key6">9</data>
    </edge>
    <edge id="e195" source="n21" target="n1">
      <data key="key6">1</data>
    </edge>
    <edge id="e196" source="n21" target="n2">
      <data key="key6">1</data>
    </edge>
    <edge id="e197" source="n21" target="n5">
      <data key="key6">1</data>
    </edge>
    <edge id="e198" source="n21" target="n7">
      <data key="key6">1</data>
    </edge>
    <edge id="e199" source="n21" target="n8">
      <data key="key6">1</data>
    </edge>
    <edge id="e200" source="n21" target="n10">
      <data key="key6">1</data>
    </edge>
    <edge id="e201" source="n21" target="n11">
      <data key="key6">1</data>
    </edge>
    <edge id="e202" source="n21" target="n14">
      <data key="key6">1</data>
    </edge>
    <edge id="e203" source="n21" target="n16">
      <data key="key6">1</data>
    </edge>
    <edge id="e204" source="n21" target="n18">
      <data key="key6">1</data>
    </edge>
    <edge id="e205" source="n21" target="n19">
      <data key="key6">1</data>
    </edge>
    <edge id="e206" source="n21" target="n20">
      <data key="key6">9</data>
    </edge>
    <edge id="e207" source="n21" target="n23">
      <data key="key6">1</data>
    </edge>
    <edge id="e208" source="n22" target="n3">
      <data key="key6">1</data>
    </edge>
    <edge id="e209" source="n22" target="n9">
      <data key="key6">1</data>
    </edge>
    <edge id="e210" source="n22" target="n17">
      <data key="key6">1</data>
    </edge>
    <edge id="e211" source="n22" target="n20">
      <data key="key6">9</data>
    </edge>
    <edge id="e212" source="n23" target="n5">
      <data key="key6">1</data>
    </edge>
    <edge id="e213" source="n23" target="n7">
      <data key="key6">1</data>
    </edge>
    <edge id="e214" source="n23" target="n8">
      <data key="key6">1</data>
    </edge>
    <edge id="e215" source="n23" target="n10">
      <data key="key6">1</data>
    </edge>
    <edge id="e216" source="n23" target="n14">
      <data key="key6">1</data>
    </edge>
    <edge id="e217" source="n23" target="n20">
      <data key="key6">9</data>
    </edge>
    <edge id="e218" source="n23" target="n21">
      <data key="key6">1</data>
    </edge>
    <edge id="e219" source="n24" target="n15">
      <data key="key6">1</data>
    </edge>
    <edge id="e220" source="n24" target="n20">
      <data key="key6">9</data>
    </edge>
    <edge id="e221" source="n24" target="n25">
      <data key="key6">1</data>
    </edge>
    <edge id="e222" source="n25" target="n1">
      <data key="key6">1</data>
    </edge>
    <edge id="e223" source="n25" target="n2">
      <data key="key6">1</data>
    </edge>
    <edge id="e224" source="n25" target="n3">
      <data key="key6">1</data>
    </edge>
    <edge id="e225" source="n25" target="n5">
      <data key="key6">1</data>
    </edge>
    <edge id="e226" source="n25" target="n6">
      <data key="key6">1</data>
    </edge>
    <edge id="e227" source="n25" target="n7">
      <data key="key6">1</data>
    </edge>
    <edge id="e228" source="n25" target="n9">
      <data key="key6">1</data>
    </edge>
    <edge id="e229" source="n25" target="n12">
      <data key="key6">1</data>
    </edge>
    <edge id="e230" source="n25" target="n17">
      <data key="key6">1</data>
    </edge>
    <edge id="e231" source="n25" target="n20">
      <data key="key6">9</data>
    </edge>
    <edge id="e232" source="n25" target="n22">
      <data key="key6">1</data>
    </edge>
    <edge id="e233" source="n25" target="n24">
      <data key="key6">1</data>
    </edge>

  </graph>
</graphml>
