<?xml version="1.0" encoding="UTF-8"?>
<graphml xmlns="http://graphml.graphdrawing.org/xmlns"
         xmlns:xsi="http://www.w3.org/2001/XMLSchema-instance"
         xsi:schemaLocation="http://graphml.graphdrawing.org/xmlns http://graphml.graphdrawing.org/xmlns/1.0/graphml.xsd">

  <!-- property keys -->
  <key id="key0" for="node" attr.name="_pos" attr.type="vector_float" />
  <key id="key1" for="graph" attr.name="citation" attr.type="string" />
  <key id="key2" for="graph" attr.name="description" attr.type="string" />
  <key id="key3" for="node" attr.name="name" attr.type="string" />
  <key id="key4" for="graph" attr.name="name" attr.type="string" />
  <key id="key5" for="graph" attr.name="tags" attr.type="vector_string" />
  <key id="key6" for="graph" attr.name="url" attr.type="string" />

  <graph id="G" edgedefault="directed" parse.nodeids="canonical" parse.edgeids="canonical" parse.order="nodesfirst">

   <!-- graph properties -->
   <data key="key1">[&apos;A.-M. Niekampab et al., &quot;A sexual affiliation network of swingers, heterosexuals practicing risk behaviours that potentiate the spread of sexually transmitted infections: A two-mode approach.&quot; Social Networks 35(2), 223-236 (2013), https://doi.org/10.1016/j.socnet.2013.02.006&apos;]</data>
   <data key="key2">A bipartite sexual affiliation network representing “swing unit” couples (one node per couple) and the parties they attended.[^icon]
[^icon]: Description obtained from the [ICON](https://icon.colorado.edu) project.</data>
   <data key="key4">swingers</data>
   <data key="key5">Social, Offline, Unweighted</data>
   <data key="key6">https://sites.google.com/site/ucinetsoftware/datasets/covert-networks/swingers</data>

   <!-- vertices -->
    <node id="n0">
      <data key="key0">-15.270557808050144, -8.4168866367235964</data>
      <data key="key3">A</data>
    </node>
    <node id="n1">
      <data key="key0">-14.538753098985737, -8.6139679078690783</data>
      <data key="key3">B</data>
    </node>
    <node id="n2">
      <data key="key0">-14.58246845573527, -7.9838997879125655</data>
      <data key="key3">C</data>
    </node>
    <node id="n3">
      <data key="key0">-14.626761837946713, -8.166504518973186</data>
      <data key="key3">D</data>
    </node>
    <node id="n4">
      <data key="key0">-14.955699111857939, -8.1568799029817072</data>
      <data key="key3">E</data>
    </node>
    <node id="n5">
      <data key="key0">-14.784981612829178, -8.531607262849132</data>
      <data key="key3">F</data>
    </node>
    <node id="n6">
      <data key="key0">-14.888931929434289, -8.6603822580574601</data>
      <data key="key3">G</data>
    </node>
    <node id="n7">
      <data key="key0">-15.015284638553442, -8.0040827391925973</data>
      <data key="key3">H</data>
    </node>
    <node id="n8">
      <data key="key0">-15.037999330436161, -8.7495282667734458</data>
      <data key="key3">I</data>
    </node>
    <node id="n9">
      <data key="key0">-14.645526534162354, -8.2976379105867206</data>
      <data key="key3">J</data>
    </node>
    <node id="n10">
      <data key="key0">-16.462396444604032, -8.8615096418992145</data>
      <data key="key3">K</data>
    </node>
    <node id="n11">
      <data key="key0">-14.8976987722563, -9.4891612826861849</data>
      <data key="key3">L</data>
    </node>
    <node id="n12">
      <data key="key0">-16.530458189659313, -8.5825611716506423</data>
      <data key="key3">M</data>
    </node>
    <node id="n13">
      <data key="key0">-15.718466204140611, -9.5943634079774025</data>
      <data key="key3">N</data>
    </node>
    <node id="n14">
      <data key="key0">-15.612895011702507, -8.4177596412057714</data>
      <data key="key3">O</data>
    </node>
    <node id="n15">
      <data key="key0">-15.142536049922924, -9.4431990770644436</data>
      <data key="key3">P</data>
    </node>
    <node id="n16">
      <data key="key0">-15.122502663934641, -7.3387412232141891</data>
      <data key="key3">Q</data>
    </node>
    <node id="n17">
      <data key="key0">-15.167672040559522, -8.1426267955300862</data>
      <data key="key3">R</data>
    </node>
    <node id="n18">
      <data key="key0">-16.062190451643936, -7.8451561399507224</data>
      <data key="key3">S</data>
    </node>
    <node id="n19">
      <data key="key0">-15.489786774700494, -7.3411345700344466</data>
      <data key="key3">T</data>
    </node>
    <node id="n20">
      <data key="key0">-14.535522424130054, -8.744377692312943</data>
      <data key="key3">U</data>
    </node>
    <node id="n21">
      <data key="key0">-15.14724421718573, -9.09111528588131</data>
      <data key="key3">V</data>
    </node>
    <node id="n22">
      <data key="key0">-14.955681602945985, -8.8531634699569199</data>
      <data key="key3">W</data>
    </node>
    <node id="n23">
      <data key="key0">-14.21899240690567, -7.8283063271394404</data>
      <data key="key3">X</data>
    </node>
    <node id="n24">
      <data key="key0">-15.439972413752768, -8.2956830355859594</data>
      <data key="key3">Y</data>
    </node>
    <node id="n25">
      <data key="key0">-15.676573777815644, -9.0469386917478829</data>
      <data key="key3">Z</data>
    </node>
    <node id="n26">
      <data key="key0">-14.809515792390446, -7.5140597721499862</data>
      <data key="key3">AA</data>
    </node>
    <node id="n27">
      <data key="key0">-15.108408479528276, -10.268093267220596</data>
      <data key="key3">AB</data>
    </node>
    <node id="n28">
      <data key="key0">-14.586503417625204, -7.3055586224498015</data>
      <data key="key3">AC</data>
    </node>
    <node id="n29">
      <data key="key0">-16.220716963618464, -8.1192128255589573</data>
      <data key="key3">AD</data>
    </node>
    <node id="n30">
      <data key="key0">-14.522139787661807, -9.7550971538631899</data>
      <data key="key3">AE</data>
    </node>
    <node id="n31">
      <data key="key0">-14.43270928933908, -9.4750668479185194</data>
      <data key="key3">AF</data>
    </node>
    <node id="n32">
      <data key="key0">-13.921048808566676, -8.1916635337018242</data>
      <data key="key3">AG</data>
    </node>
    <node id="n33">
      <data key="key0">-15.975716371311135, -9.1726134257888319</data>
      <data key="key3">AH</data>
    </node>
    <node id="n34">
      <data key="key0">-14.174603670660373, -8.6423723881449455</data>
      <data key="key3">AI</data>
    </node>
    <node id="n35">
      <data key="key0">-13.979338229806583, -8.4402346415600409</data>
      <data key="key3">AJ</data>
    </node>
    <node id="n36">
      <data key="key0">-15.2640011350589, -7.0924365898595383</data>
      <data key="key3">AK</data>
    </node>
    <node id="n37">
      <data key="key0">-14.189610642488981, -9.1522930402662421</data>
      <data key="key3">AL</data>
    </node>
    <node id="n38">
      <data key="key0">-13.748495024533918, -7.8325640918032269</data>
      <data key="key3">AM</data>
    </node>
    <node id="n39">
      <data key="key0">-15.043715283424259, -8.6228231458038653</data>
      <data key="key3">1</data>
    </node>
    <node id="n40">
      <data key="key0">-14.684892404349073, -8.8506401570665219</data>
      <data key="key3">2</data>
    </node>
    <node id="n41">
      <data key="key0">-14.663981526914094, -8.5238691224740606</data>
      <data key="key3">3</data>
    </node>
    <node id="n42">
      <data key="key0">-14.602915215458673, -8.4005096250185431</data>
      <data key="key3">4</data>
    </node>
    <node id="n43">
      <data key="key0">-15.050233826966622, -8.2533618363751469</data>
      <data key="key3">5</data>
    </node>
    <node id="n44">
      <data key="key0">-15.108110277004075, -8.8809806623625445</data>
      <data key="key3">6</data>
    </node>
    <node id="n45">
      <data key="key0">-14.970340505335814, -8.3743691939064249</data>
      <data key="key3">7</data>
    </node>
    <node id="n46">
      <data key="key0">-14.794792024505636, -8.3048804739804467</data>
      <data key="key3">8</data>
    </node>
    <node id="n47">
      <data key="key0">-14.803493000373416, -8.1633046121297159</data>
      <data key="key3">9</data>
    </node>
    <node id="n48">
      <data key="key0">-14.869140371192207, -8.4359683267575836</data>
      <data key="key3">10</data>
    </node>
    <node id="n49">
      <data key="key0">-15.20183447283514, -8.7017590191903942</data>
      <data key="key3">11</data>
    </node>
    <node id="n50">
      <data key="key0">-14.891004694702797, -7.9472536328494483</data>
      <data key="key3">12</data>
    </node>
    <node id="n51">
      <data key="key0">-14.393055956984362, -8.3468059118448661</data>
      <data key="key3">13</data>
    </node>
    <node id="n52">
      <data key="key0">-14.687371933546341, -8.7196485179374363</data>
      <data key="key3">14</data>
    </node>
    <node id="n53">
      <data key="key0">-14.817511673090364, -7.8144917923413555</data>
      <data key="key3">15</data>
    </node>
    <node id="n54">
      <data key="key0">-15.220816247441235, -8.5240576208940535</data>
      <data key="key3">16</data>
    </node>
    <node id="n55">
      <data key="key0">-15.357135618222646, -8.9518339230220789</data>
      <data key="key3">17</data>
    </node>
    <node id="n56">
      <data key="key0">-14.277253598552363, -8.242569552017935</data>
      <data key="key3">18</data>
    </node>
    <node id="n57">
      <data key="key0">-14.390090973166771, -8.5038207521635591</data>
      <data key="key3">19</data>
    </node>
    <node id="n58">
      <data key="key0">-14.370343976332707, -8.7037199381377395</data>
      <data key="key3">20</data>
    </node>
    <node id="n59">
      <data key="key0">-14.288311638322112, -8.8871368050537676</data>
      <data key="key3">21</data>
    </node>
    <node id="n60">
      <data key="key0">-14.455902925972289, -9.0897042699576325</data>
      <data key="key3">22</data>
    </node>
    <node id="n61">
      <data key="key0">-14.631023344829515, -9.0573017347989335</data>
      <data key="key3">23</data>
    </node>
    <node id="n62">
      <data key="key0">-15.26454910282404, -8.2574811997517177</data>
      <data key="key3">24</data>
    </node>
    <node id="n63">
      <data key="key0">-14.630017006249018, -7.7436632185012257</data>
      <data key="key3">25</data>
    </node>
    <node id="n64">
      <data key="key0">-15.598440831515468, -7.8551708707143915</data>
      <data key="key3">26</data>
    </node>
    <node id="n65">
      <data key="key0">-15.283182200513327, -7.9533688479890392</data>
      <data key="key3">27</data>
    </node>
    <node id="n66">
      <data key="key0">-15.38942741882348, -8.6816662745365374</data>
      <data key="key3">28</data>
    </node>
    <node id="n67">
      <data key="key0">-15.088578633477303, -8.4570972673216982</data>
      <data key="key3">29</data>
    </node>
    <node id="n68">
      <data key="key0">-15.750317240494855, -8.0061713623155093</data>
      <data key="key3">30</data>
    </node>
    <node id="n69">
      <data key="key0">-14.064205188845326, -8.8421547181191862</data>
      <data key="key3">31</data>
    </node>
    <node id="n70">
      <data key="key0">-14.181143641819732, -8.0739868171456699</data>
      <data key="key3">32</data>
    </node>
    <node id="n71">
      <data key="key0">-15.714958479197296, -6.9772701024361528</data>
      <data key="key3">33</data>
    </node>
    <node id="n72">
      <data key="key0">-14.685381357531742, -9.2676303327596496</data>
      <data key="key3">34</data>
    </node>
    <node id="n73">
      <data key="key0">-15.387850629076567, -7.8136437490420576</data>
      <data key="key3">35</data>
    </node>
    <node id="n74">
      <data key="key0">-14.47971618382735, -7.7752931480033425</data>
      <data key="key3">36</data>
    </node>
    <node id="n75">
      <data key="key0">-15.549665467990462, -8.8655547530302474</data>
      <data key="key3">37</data>
    </node>
    <node id="n76">
      <data key="key0">-14.950817989175571, -7.6648043844053388</data>
      <data key="key3">38</data>
    </node>
    <node id="n77">
      <data key="key0">-14.736450199183325, -8.0183233258706927</data>
      <data key="key3">39</data>
    </node>
    <node id="n78">
      <data key="key0">-15.529003643659042, -8.164939988153689</data>
      <data key="key3">40</data>
    </node>
    <node id="n79">
      <data key="key0">-15.432494025206038, -8.5018965624346645</data>
      <data key="key3">41</data>
    </node>
    <node id="n80">
      <data key="key0">-15.423723808734712, -8.0279485939730861</data>
      <data key="key3">42</data>
    </node>
    <node id="n81">
      <data key="key0">-15.112800529108961, -7.8797974130212758</data>
      <data key="key3">43</data>
    </node>
    <node id="n82">
      <data key="key0">-15.201042083458383, -7.6069567285102773</data>
      <data key="key3">44</data>
    </node>
    <node id="n83">
      <data key="key0">-15.466839318626196, -9.1983713249968773</data>
      <data key="key3">45</data>
    </node>
    <node id="n84">
      <data key="key0">-14.496645162897988, -8.1962859336235656</data>
      <data key="key3">46</data>
    </node>
    <node id="n85">
      <data key="key0">-15.755082492678232, -8.6561643253183504</data>
      <data key="key3">47</data>
    </node>
    <node id="n86">
      <data key="key0">-15.070839459395, -9.8741885697665683</data>
      <data key="key3">48</data>
    </node>
    <node id="n87">
      <data key="key0">-15.272001572655052, -8.8193188067974795</data>
      <data key="key3">49</data>
    </node>
    <node id="n88">
      <data key="key0">-15.854858764574621, -8.4839188911329764</data>
      <data key="key3">50</data>
    </node>
    <node id="n89">
      <data key="key0">-14.85359392047663, -8.7660575093719029</data>
      <data key="key3">51</data>
    </node>
    <node id="n90">
      <data key="key0">-15.774447230754193, -8.1497399940529753</data>
      <data key="key3">52</data>
    </node>
    <node id="n91">
      <data key="key0">-16.078447863631197, -8.6306798667651528</data>
      <data key="key3">53</data>
    </node>
    <node id="n92">
      <data key="key0">-15.949559927292539, -8.27880083773519</data>
      <data key="key3">54</data>
    </node>
    <node id="n93">
      <data key="key0">-14.950131115198312, -9.247190011731325</data>
      <data key="key3">55</data>
    </node>
    <node id="n94">
      <data key="key0">-14.831042401687046, -9.0110869818008279</data>
      <data key="key3">56</data>
    </node>
    <node id="n95">
      <data key="key0">-14.449203460026263, -8.936282469653964</data>
      <data key="key3">57</data>
    </node>

   <!-- edges -->
    <edge id="e0" source="n39" target="n0">
    </edge>
    <edge id="e1" source="n39" target="n6">
    </edge>
    <edge id="e2" source="n39" target="n17">
    </edge>
    <edge id="e3" source="n39" target="n20">
    </edge>
    <edge id="e4" source="n39" target="n21">
    </edge>
    <edge id="e5" source="n39" target="n22">
    </edge>
    <edge id="e6" source="n40" target="n0">
    </edge>
    <edge id="e7" source="n40" target="n1">
    </edge>
    <edge id="e8" source="n40" target="n6">
    </edge>
    <edge id="e9" source="n40" target="n34">
    </edge>
    <edge id="e10" source="n41" target="n1">
    </edge>
    <edge id="e11" source="n41" target="n3">
    </edge>
    <edge id="e12" source="n41" target="n4">
    </edge>
    <edge id="e13" source="n41" target="n6">
    </edge>
    <edge id="e14" source="n41" target="n8">
    </edge>
    <edge id="e15" source="n41" target="n20">
    </edge>
    <edge id="e16" source="n42" target="n0">
    </edge>
    <edge id="e17" source="n42" target="n1">
    </edge>
    <edge id="e18" source="n42" target="n2">
    </edge>
    <edge id="e19" source="n42" target="n3">
    </edge>
    <edge id="e20" source="n42" target="n4">
    </edge>
    <edge id="e21" source="n42" target="n5">
    </edge>
    <edge id="e22" source="n42" target="n6">
    </edge>
    <edge id="e23" source="n42" target="n17">
    </edge>
    <edge id="e24" source="n42" target="n20">
    </edge>
    <edge id="e25" source="n42" target="n34">
    </edge>
    <edge id="e26" source="n42" target="n35">
    </edge>
    <edge id="e27" source="n43" target="n0">
    </edge>
    <edge id="e28" source="n43" target="n3">
    </edge>
    <edge id="e29" source="n43" target="n4">
    </edge>
    <edge id="e30" source="n43" target="n6">
    </edge>
    <edge id="e31" source="n43" target="n7">
    </edge>
    <edge id="e32" source="n44" target="n0">
    </edge>
    <edge id="e33" source="n44" target="n5">
    </edge>
    <edge id="e34" source="n44" target="n6">
    </edge>
    <edge id="e35" source="n44" target="n15">
    </edge>
    <edge id="e36" source="n44" target="n20">
    </edge>
    <edge id="e37" source="n44" target="n21">
    </edge>
    <edge id="e38" source="n44" target="n22">
    </edge>
    <edge id="e39" source="n44" target="n24">
    </edge>
    <edge id="e40" source="n45" target="n0">
    </edge>
    <edge id="e41" source="n45" target="n1">
    </edge>
    <edge id="e42" source="n45" target="n2">
    </edge>
    <edge id="e43" source="n45" target="n3">
    </edge>
    <edge id="e44" source="n45" target="n4">
    </edge>
    <edge id="e45" source="n45" target="n5">
    </edge>
    <edge id="e46" source="n45" target="n6">
    </edge>
    <edge id="e47" source="n45" target="n7">
    </edge>
    <edge id="e48" source="n45" target="n8">
    </edge>
    <edge id="e49" source="n45" target="n9">
    </edge>
    <edge id="e50" source="n45" target="n14">
    </edge>
    <edge id="e51" source="n45" target="n22">
    </edge>
    <edge id="e52" source="n46" target="n0">
    </edge>
    <edge id="e53" source="n46" target="n1">
    </edge>
    <edge id="e54" source="n46" target="n2">
    </edge>
    <edge id="e55" source="n46" target="n3">
    </edge>
    <edge id="e56" source="n46" target="n4">
    </edge>
    <edge id="e57" source="n46" target="n6">
    </edge>
    <edge id="e58" source="n47" target="n0">
    </edge>
    <edge id="e59" source="n47" target="n1">
    </edge>
    <edge id="e60" source="n47" target="n2">
    </edge>
    <edge id="e61" source="n47" target="n3">
    </edge>
    <edge id="e62" source="n47" target="n4">
    </edge>
    <edge id="e63" source="n47" target="n7">
    </edge>
    <edge id="e64" source="n48" target="n0">
    </edge>
    <edge id="e65" source="n48" target="n1">
    </edge>
    <edge id="e66" source="n48" target="n3">
    </edge>
    <edge id="e67" source="n48" target="n4">
    </edge>
    <edge id="e68" source="n48" target="n5">
    </edge>
    <edge id="e69" source="n48" target="n6">
    </edge>
    <edge id="e70" source="n48" target="n7">
    </edge>
    <edge id="e71" source="n48" target="n22">
    </edge>
    <edge id="e72" source="n49" target="n0">
    </edge>
    <edge id="e73" source="n49" target="n1">
    </edge>
    <edge id="e74" source="n49" target="n6">
    </edge>
    <edge id="e75" source="n49" target="n17">
    </edge>
    <edge id="e76" source="n49" target="n21">
    </edge>
    <edge id="e77" source="n49" target="n25">
    </edge>
    <edge id="e78" source="n50" target="n0">
    </edge>
    <edge id="e79" source="n50" target="n2">
    </edge>
    <edge id="e80" source="n50" target="n3">
    </edge>
    <edge id="e81" source="n50" target="n4">
    </edge>
    <edge id="e82" source="n50" target="n7">
    </edge>
    <edge id="e83" source="n51" target="n1">
    </edge>
    <edge id="e84" source="n51" target="n3">
    </edge>
    <edge id="e85" source="n51" target="n4">
    </edge>
    <edge id="e86" source="n51" target="n5">
    </edge>
    <edge id="e87" source="n51" target="n20">
    </edge>
    <edge id="e88" source="n51" target="n32">
    </edge>
    <edge id="e89" source="n52" target="n0">
    </edge>
    <edge id="e90" source="n52" target="n1">
    </edge>
    <edge id="e91" source="n52" target="n6">
    </edge>
    <edge id="e92" source="n52" target="n9">
    </edge>
    <edge id="e93" source="n52" target="n22">
    </edge>
    <edge id="e94" source="n52" target="n37">
    </edge>
    <edge id="e95" source="n53" target="n0">
    </edge>
    <edge id="e96" source="n53" target="n2">
    </edge>
    <edge id="e97" source="n53" target="n3">
    </edge>
    <edge id="e98" source="n53" target="n4">
    </edge>
    <edge id="e99" source="n53" target="n28">
    </edge>
    <edge id="e100" source="n54" target="n0">
    </edge>
    <edge id="e101" source="n54" target="n4">
    </edge>
    <edge id="e102" source="n54" target="n6">
    </edge>
    <edge id="e103" source="n54" target="n17">
    </edge>
    <edge id="e104" source="n55" target="n0">
    </edge>
    <edge id="e105" source="n55" target="n6">
    </edge>
    <edge id="e106" source="n56" target="n1">
    </edge>
    <edge id="e107" source="n56" target="n2">
    </edge>
    <edge id="e108" source="n56" target="n3">
    </edge>
    <edge id="e109" source="n56" target="n9">
    </edge>
    <edge id="e110" source="n56" target="n20">
    </edge>
    <edge id="e111" source="n56" target="n23">
    </edge>
    <edge id="e112" source="n56" target="n32">
    </edge>
    <edge id="e113" source="n57" target="n3">
    </edge>
    <edge id="e114" source="n57" target="n5">
    </edge>
    <edge id="e115" source="n57" target="n6">
    </edge>
    <edge id="e116" source="n58" target="n1">
    </edge>
    <edge id="e117" source="n58" target="n5">
    </edge>
    <edge id="e118" source="n58" target="n6">
    </edge>
    <edge id="e119" source="n59" target="n1">
    </edge>
    <edge id="e120" source="n59" target="n6">
    </edge>
    <edge id="e121" source="n60" target="n1">
    </edge>
    <edge id="e122" source="n60" target="n6">
    </edge>
    <edge id="e123" source="n61" target="n1">
    </edge>
    <edge id="e124" source="n61" target="n6">
    </edge>
    <edge id="e125" source="n61" target="n20">
    </edge>
    <edge id="e126" source="n61" target="n22">
    </edge>
    <edge id="e127" source="n61" target="n31">
    </edge>
    <edge id="e128" source="n62" target="n0">
    </edge>
    <edge id="e129" source="n62" target="n6">
    </edge>
    <edge id="e130" source="n62" target="n7">
    </edge>
    <edge id="e131" source="n63" target="n2">
    </edge>
    <edge id="e132" source="n63" target="n3">
    </edge>
    <edge id="e133" source="n63" target="n4">
    </edge>
    <edge id="e134" source="n64" target="n17">
    </edge>
    <edge id="e135" source="n64" target="n24">
    </edge>
    <edge id="e136" source="n65" target="n0">
    </edge>
    <edge id="e137" source="n65" target="n4">
    </edge>
    <edge id="e138" source="n66" target="n0">
    </edge>
    <edge id="e139" source="n66" target="n6">
    </edge>
    <edge id="e140" source="n66" target="n22">
    </edge>
    <edge id="e141" source="n66" target="n24">
    </edge>
    <edge id="e142" source="n67" target="n9">
    </edge>
    <edge id="e143" source="n67" target="n22">
    </edge>
    <edge id="e144" source="n67" target="n24">
    </edge>
    <edge id="e145" source="n68" target="n0">
    </edge>
    <edge id="e146" source="n68" target="n18">
    </edge>
    <edge id="e147" source="n68" target="n24">
    </edge>
    <edge id="e148" source="n69" target="n1">
    </edge>
    <edge id="e149" source="n69" target="n20">
    </edge>
    <edge id="e150" source="n70" target="n1">
    </edge>
    <edge id="e151" source="n70" target="n2">
    </edge>
    <edge id="e152" source="n70" target="n3">
    </edge>
    <edge id="e153" source="n70" target="n38">
    </edge>
    <edge id="e154" source="n71" target="n19">
    </edge>
    <edge id="e155" source="n72" target="n1">
    </edge>
    <edge id="e156" source="n72" target="n6">
    </edge>
    <edge id="e157" source="n72" target="n15">
    </edge>
    <edge id="e158" source="n72" target="n30">
    </edge>
    <edge id="e159" source="n72" target="n31">
    </edge>
    <edge id="e160" source="n73" target="n0">
    </edge>
    <edge id="e161" source="n73" target="n7">
    </edge>
    <edge id="e162" source="n74" target="n2">
    </edge>
    <edge id="e163" source="n74" target="n3">
    </edge>
    <edge id="e164" source="n74" target="n7">
    </edge>
    <edge id="e165" source="n75" target="n0">
    </edge>
    <edge id="e166" source="n75" target="n6">
    </edge>
    <edge id="e167" source="n75" target="n25">
    </edge>
    <edge id="e168" source="n75" target="n33">
    </edge>
    <edge id="e169" source="n76" target="n2">
    </edge>
    <edge id="e170" source="n76" target="n17">
    </edge>
    <edge id="e171" source="n77" target="n0">
    </edge>
    <edge id="e172" source="n77" target="n6">
    </edge>
    <edge id="e173" source="n77" target="n9">
    </edge>
    <edge id="e174" source="n77" target="n23">
    </edge>
    <edge id="e175" source="n77" target="n26">
    </edge>
    <edge id="e176" source="n78" target="n0">
    </edge>
    <edge id="e177" source="n78" target="n4">
    </edge>
    <edge id="e178" source="n78" target="n14">
    </edge>
    <edge id="e179" source="n78" target="n24">
    </edge>
    <edge id="e180" source="n79" target="n0">
    </edge>
    <edge id="e181" source="n79" target="n6">
    </edge>
    <edge id="e182" source="n79" target="n17">
    </edge>
    <edge id="e183" source="n80" target="n0">
    </edge>
    <edge id="e184" source="n80" target="n4">
    </edge>
    <edge id="e185" source="n81" target="n5">
    </edge>
    <edge id="e186" source="n81" target="n6">
    </edge>
    <edge id="e187" source="n81" target="n16">
    </edge>
    <edge id="e188" source="n81" target="n19">
    </edge>
    <edge id="e189" source="n81" target="n24">
    </edge>
    <edge id="e190" source="n81" target="n26">
    </edge>
    <edge id="e191" source="n82" target="n4">
    </edge>
    <edge id="e192" source="n82" target="n17">
    </edge>
    <edge id="e193" source="n82" target="n36">
    </edge>
    <edge id="e194" source="n83" target="n0">
    </edge>
    <edge id="e195" source="n83" target="n13">
    </edge>
    <edge id="e196" source="n83" target="n15">
    </edge>
    <edge id="e197" source="n84" target="n1">
    </edge>
    <edge id="e198" source="n84" target="n3">
    </edge>
    <edge id="e199" source="n84" target="n5">
    </edge>
    <edge id="e200" source="n84" target="n17">
    </edge>
    <edge id="e201" source="n85" target="n0">
    </edge>
    <edge id="e202" source="n85" target="n14">
    </edge>
    <edge id="e203" source="n86" target="n11">
    </edge>
    <edge id="e204" source="n86" target="n15">
    </edge>
    <edge id="e205" source="n86" target="n27">
    </edge>
    <edge id="e206" source="n87" target="n0">
    </edge>
    <edge id="e207" source="n87" target="n5">
    </edge>
    <edge id="e208" source="n87" target="n8">
    </edge>
    <edge id="e209" source="n88" target="n0">
    </edge>
    <edge id="e210" source="n89" target="n0">
    </edge>
    <edge id="e211" source="n89" target="n3">
    </edge>
    <edge id="e212" source="n89" target="n4">
    </edge>
    <edge id="e213" source="n89" target="n8">
    </edge>
    <edge id="e214" source="n89" target="n11">
    </edge>
    <edge id="e215" source="n90" target="n0">
    </edge>
    <edge id="e216" source="n90" target="n17">
    </edge>
    <edge id="e217" source="n90" target="n18">
    </edge>
    <edge id="e218" source="n90" target="n29">
    </edge>
    <edge id="e219" source="n91" target="n0">
    </edge>
    <edge id="e220" source="n91" target="n10">
    </edge>
    <edge id="e221" source="n91" target="n12">
    </edge>
    <edge id="e222" source="n92" target="n0">
    </edge>
    <edge id="e223" source="n92" target="n29">
    </edge>
    <edge id="e224" source="n93" target="n6">
    </edge>
    <edge id="e225" source="n94" target="n5">
    </edge>
    <edge id="e226" source="n94" target="n6">
    </edge>
    <edge id="e227" source="n94" target="n20">
    </edge>
    <edge id="e228" source="n94" target="n21">
    </edge>
    <edge id="e229" source="n94" target="n22">
    </edge>
    <edge id="e230" source="n95" target="n1">
    </edge>
    <edge id="e231" source="n95" target="n6">
    </edge>

  </graph>
</graphml>
